LINEAR AT: tag	name	text	class	description	position (top-left x&y)	size (w&h)
label	Home	Home			(1833, 939)	(40, 17)
label	04 CHIN9505 EBook Purchasing info 2021 Jan.​docx	04 CHIN9505 EBook Purchasing info 2021 Jan.​docx			(1793, 819)	(120, 34)
menu	LibreOffice Writer	""			(99, 0)	(180, 27)
menu	System	""			(1814, 0)	(106, 27)
label	Please download waiting software updates.	""			(810, 73)	(291, 17)
push-button	Chromium Web Browser	""			(0, 33)	(70, 64)
push-button	Thunderbird Mail	""			(0, 101)	(70, 64)
push-button	Visual Studio Code	""			(0, 169)	(70, 64)
push-button	VLC media player	""			(0, 237)	(70, 64)
push-button	LibreOffice Writer	""			(0, 305)	(70, 64)
push-button	LibreOffice Calc	""			(0, 373)	(70, 64)
push-button	LibreOffice Impress	""			(0, 441)	(70, 64)
push-button	GNU Image Manipulation Program	""			(0, 509)	(70, 64)
push-button	Files	""			(0, 577)	(70, 64)
push-button	Ubuntu Software	""			(0, 645)	(70, 64)
push-button	Help	""			(0, 713)	(70, 64)
push-button	Trash	""			(0, 784)	(70, 64)
toggle-button	Show Applications	""			(0, 915)	(70, 70)
menu	File	""			(70, 64)	(40, 25)
menu	Edit	""			(110, 64)	(43, 25)
menu	View	""			(153, 64)	(49, 25)
menu	Insert	""			(202, 64)	(55, 25)
menu	Format	""			(257, 64)	(66, 25)
menu	Styles	""			(323, 64)	(56, 25)
menu	Table	""			(379, 64)	(53, 25)
menu	Form	""			(432, 64)	(52, 25)
menu	Tools	""			(484, 64)	(52, 25)
menu	Window	""			(536, 64)	(70, 25)
menu	Help	""			(606, 64)	(47, 25)
menu	File	File			(70, 64)	(40, 21)
menu	Edit	Edit			(110, 64)	(43, 21)
menu	View	View			(153, 64)	(50, 21)
menu	Insert	Insert			(203, 64)	(56, 21)
menu	Format	Format			(259, 64)	(66, 21)
menu	Styles	Styles			(325, 64)	(56, 21)
menu	Table	Table			(381, 64)	(53, 21)
menu	Form	Form			(434, 64)	(52, 21)
menu	Tools	Tools			(486, 64)	(53, 21)
menu	Window	Window			(539, 64)	(73, 21)
menu	Help	Help			(612, 64)	(48, 21)
document-text	04 CHIN9505 EBook Purchasing info 2021 Jan - LibreOffice Document	""			(70, 246)	(1792, 693)
paragraph		Please find the E-book purchase option for your reference:  			(260, 445)	(1412, 33)
paragraph		How to use BLCUP eBook for PC 			(260, 478)	(1412, 64)
paragraph		Make payment for this eBook online. 			(260, 542)	(1412, 65)
paragraph		Enter User center (Your BLCUP ID. 			(260, 607)	(1412, 64)
paragraph		Download and install Windows eBook Reader (flipviewer) on your PC.			(260, 671)	(1412, 65)
paragraph		Enter User center (Your BLCUP ID.			(260, 736)	(1412, 65)
paragraph		Download eBook and input Subscription ID online to open the OPZ file.			(260, 801)	(1412, 64)
paragraph		Support Contact: service blcup.com			(260, 865)	(1412, 65)
paragraph		This product is protected by copyright. 			(260, 930)	(1412, 9)
scroll-bar	Vertical scroll bar	""			(1862, 222)	(12, 717)
toggle-button	Menu	""			(1874, 171)	(36, 34)
text		Help us make LibreOffice even better!			(111, 178)	(1611, 26)
push-button	Get involved	""			(1728, 170)	(117, 34)
text		Your donations support our worldwide community.			(111, 218)	(1645, 26)
push-button	Donate	""			(1762, 210)	(83, 34)
push-button	New	""			(74, 66)	(44, 35)
push-button	Open	""			(118, 66)	(44, 35)
push-button	Save	""			(162, 66)	(44, 35)
push-button	Export Directly as PDF	""			(214, 66)	(33, 35)
push-button	Print	""			(247, 66)	(33, 35)
toggle-button	Print Preview	""			(280, 66)	(33, 35)
push-button	Clone	""			(439, 66)	(33, 35)
toggle-button	Find and Replace	""			(576, 66)	(33, 35)
push-button	Spelling	""			(609, 66)	(33, 35)
toggle-button	Formatting Marks	""			(642, 66)	(33, 35)
push-button	Table	""			(683, 66)	(44, 35)
push-button	Image	""			(727, 66)	(33, 35)
push-button	Chart	""			(760, 66)	(33, 35)
push-button	Text Box	""			(793, 66)	(33, 35)
push-button	Page Break	""			(834, 66)	(33, 35)
push-button	Field	""			(867, 66)	(44, 35)
push-button	Symbol	""			(911, 66)	(44, 35)
toggle-button	Hyperlink	""			(963, 66)	(33, 35)
push-button	Footnote	""			(996, 66)	(33, 35)
push-button	Endnote	""			(1029, 66)	(33, 35)
push-button	Bookmark	""			(1062, 66)	(33, 35)
push-button	Cross-reference	""			(1095, 66)	(33, 35)
push-button	Comment	""			(1136, 66)	(33, 35)
toggle-button	Track Changes Functions	""			(1169, 66)	(33, 35)
push-button	Line	""			(1210, 66)	(33, 35)
push-button	Basic Shapes	""			(1243, 66)	(44, 35)
toggle-button	Draw Functions	""			(1287, 66)	(33, 35)
text		Normal (Web)			(74, 130)	(166, 34)
push-button	Update	""			(276, 105)	(33, 35)
push-button	New	""			(309, 105)	(33, 35)
text		Calibri			(350, 130)	(185, 34)
text		12 pt			(579, 130)	(65, 34)
toggle-button	Bold	""			(688, 105)	(33, 35)
toggle-button	Italic	""			(721, 105)	(33, 35)
push-button	Underline	""			(754, 105)	(44, 35)
toggle-button	Strikethrough	""			(798, 105)	(33, 35)
toggle-button	Superscript	""			(839, 105)	(33, 35)
toggle-button	Subscript	""			(872, 105)	(33, 35)
push-button	Clear	""			(913, 105)	(33, 35)
push-button	Font Color	""			(954, 105)	(44, 35)
push-button	Character Highlighting Color	""			(998, 105)	(44, 35)
toggle-button	Left	""			(1050, 105)	(33, 35)
toggle-button	Center	""			(1083, 105)	(33, 35)
toggle-button	Right	""			(1116, 105)	(33, 35)
toggle-button	Justified	""			(1149, 105)	(33, 35)
push-button	Unordered List	""			(1190, 105)	(44, 35)
push-button	Ordered List	""			(1234, 105)	(44, 35)
push-button	No List	""			(1278, 105)	(33, 35)
push-button	Increase	""			(1319, 105)	(33, 35)
push-button	Decrease	""			(1352, 105)	(33, 35)
push-button	Line Spacing	""			(1393, 105)	(44, 35)
push-button	Increase	""			(1437, 105)	(33, 35)
push-button	Decrease	""			(1470, 105)	(33, 35)
label		Page 1 of 1			(105, 941)	(258, 18)
label		71 words, 424 characters			(369, 941)	(342, 18)
label		Default Page Style			(717, 941)	(306, 18)
label		English (USA)			(1029, 941)	(276, 18)
label		173%			(1876, 941)	(38, 18)
Generating content with GPT model: o4-mini
RESPONSE: We’re in LibreOffice Writer with the paragraph cursor placed. To push the first three words left and the rest right via tabstops, we need to:

1. Switch the tab‐stop selector on the ruler to a right‐aligned tab (two clicks on the left‐margin tab icon).
2. Click on the ruler at the right margin to set that right‐aligned tab stop.

```python
import pyautogui, time

# 1) Toggle the ruler's tab-stop icon twice to select the right-aligned tab
for _ in range(2):
    pyautogui.click(x=275, y=265)  # left-margin tab icon
    time.sleep(0.2)

# 2) Click on the ruler at the right margin to set the right-aligned tab stop
pyautogui.click(x=1675, y=265)
```
LINEAR AT: tag	name	text	class	description	position (top-left x&y)	size (w&h)
label	Home	Home			(1833, 939)	(40, 17)
label	04 CHIN9505 EBook Purchasing info 2021 Jan.​docx	04 CHIN9505 EBook Purchasing info 2021 Jan.​docx			(1793, 819)	(120, 34)
menu	LibreOffice Writer	""			(99, 0)	(180, 27)
menu	System	""			(1814, 0)	(106, 27)
label	Please download waiting software updates.	""			(810, 73)	(291, 17)
push-button	Chromium Web Browser	""			(0, 33)	(70, 64)
push-button	Thunderbird Mail	""			(0, 101)	(70, 64)
push-button	Visual Studio Code	""			(0, 169)	(70, 64)
push-button	VLC media player	""			(0, 237)	(70, 64)
push-button	LibreOffice Writer	""			(0, 305)	(70, 64)
push-button	LibreOffice Calc	""			(0, 373)	(70, 64)
push-button	LibreOffice Impress	""			(0, 441)	(70, 64)
push-button	GNU Image Manipulation Program	""			(0, 509)	(70, 64)
push-button	Files	""			(0, 577)	(70, 64)
push-button	Ubuntu Software	""			(0, 645)	(70, 64)
push-button	Help	""			(0, 713)	(70, 64)
push-button	Trash	""			(0, 784)	(70, 64)
toggle-button	Show Applications	""			(0, 915)	(70, 70)
menu	File	""			(70, 64)	(40, 25)
menu	Edit	""			(110, 64)	(43, 25)
menu	View	""			(153, 64)	(49, 25)
menu	Insert	""			(202, 64)	(55, 25)
menu	Format	""			(257, 64)	(66, 25)
menu	Styles	""			(323, 64)	(56, 25)
menu	Table	""			(379, 64)	(53, 25)
menu	Form	""			(432, 64)	(52, 25)
menu	Tools	""			(484, 64)	(52, 25)
menu	Window	""			(536, 64)	(70, 25)
menu	Help	""			(606, 64)	(47, 25)
menu	File	File			(70, 89)	(40, 21)
menu	Edit	Edit			(110, 89)	(43, 21)
menu	View	View			(153, 89)	(50, 21)
menu	Insert	Insert			(203, 89)	(56, 21)
menu	Format	Format			(259, 89)	(66, 21)
menu	Styles	Styles			(325, 89)	(56, 21)
menu	Table	Table			(381, 89)	(53, 21)
menu	Form	Form			(434, 89)	(52, 21)
menu	Tools	Tools			(486, 89)	(53, 21)
menu	Window	Window			(539, 89)	(73, 21)
menu	Help	Help			(612, 89)	(48, 21)
document-text	04 CHIN9505 EBook Purchasing info 2021 Jan - LibreOffice Document	""			(70, 271)	(1792, 693)
paragraph		Please find the E-book purchase option for your reference:  			(260, 470)	(1412, 33)
paragraph		How to use BLCUP eBook for PC 			(260, 503)	(1412, 64)
paragraph		Make payment for this eBook online. 			(260, 567)	(1412, 65)
paragraph		Enter User center (Your BLCUP ID. 			(260, 632)	(1412, 64)
paragraph		Download and install Windows eBook Reader (flipviewer) on your PC.			(260, 696)	(1412, 65)
paragraph		Enter User center (Your BLCUP ID.			(260, 761)	(1412, 65)
paragraph		Download eBook and input Subscription ID online to open the OPZ file.			(260, 826)	(1412, 64)
paragraph		Support Contact: service blcup.com			(260, 890)	(1412, 65)
paragraph		This product is protected by copyright. 			(260, 955)	(1412, 9)
scroll-bar	Vertical scroll bar	""			(1862, 247)	(12, 717)
toggle-button	Menu	""			(1874, 171)	(36, 34)
text		Help us make LibreOffice even better!			(111, 178)	(1611, 26)
push-button	Get involved	""			(1728, 170)	(117, 34)
text		Your donations support our worldwide community.			(111, 218)	(1645, 26)
push-button	Donate	""			(1762, 210)	(83, 34)
push-button	New	""			(74, 91)	(44, 35)
push-button	Open	""			(118, 91)	(44, 35)
push-button	Save	""			(162, 91)	(44, 35)
push-button	Export Directly as PDF	""			(214, 91)	(33, 35)
push-button	Print	""			(247, 91)	(33, 35)
toggle-button	Print Preview	""			(280, 91)	(33, 35)
push-button	Clone	""			(439, 91)	(33, 35)
toggle-button	Find and Replace	""			(576, 91)	(33, 35)
push-button	Spelling	""			(609, 91)	(33, 35)
toggle-button	Formatting Marks	""			(642, 91)	(33, 35)
push-button	Table	""			(683, 91)	(44, 35)
push-button	Image	""			(727, 91)	(33, 35)
push-button	Chart	""			(760, 91)	(33, 35)
push-button	Text Box	""			(793, 91)	(33, 35)
push-button	Page Break	""			(834, 91)	(33, 35)
push-button	Field	""			(867, 91)	(44, 35)
push-button	Symbol	""			(911, 91)	(44, 35)
toggle-button	Hyperlink	""			(963, 91)	(33, 35)
push-button	Footnote	""			(996, 91)	(33, 35)
push-button	Endnote	""			(1029, 91)	(33, 35)
push-button	Bookmark	""			(1062, 91)	(33, 35)
push-button	Cross-reference	""			(1095, 91)	(33, 35)
push-button	Comment	""			(1136, 91)	(33, 35)
toggle-button	Track Changes Functions	""			(1169, 91)	(33, 35)
push-button	Line	""			(1210, 91)	(33, 35)
push-button	Basic Shapes	""			(1243, 91)	(44, 35)
toggle-button	Draw Functions	""			(1287, 91)	(33, 35)
text		Normal (Web)			(74, 130)	(166, 34)
push-button	Update	""			(276, 130)	(33, 35)
push-button	New	""			(309, 130)	(33, 35)
text		Calibri			(350, 130)	(185, 34)
text		12 pt			(579, 130)	(65, 34)
toggle-button	Bold	""			(688, 130)	(33, 35)
toggle-button	Italic	""			(721, 130)	(33, 35)
push-button	Underline	""			(754, 130)	(44, 35)
toggle-button	Strikethrough	""			(798, 130)	(33, 35)
toggle-button	Superscript	""			(839, 130)	(33, 35)
toggle-button	Subscript	""			(872, 130)	(33, 35)
push-button	Clear	""			(913, 130)	(33, 35)
push-button	Font Color	""			(954, 130)	(44, 35)
push-button	Character Highlighting Color	""			(998, 130)	(44, 35)
toggle-button	Left	""			(1050, 130)	(33, 35)
toggle-button	Center	""			(1083, 130)	(33, 35)
toggle-button	Right	""			(1116, 130)	(33, 35)
toggle-button	Justified	""			(1149, 130)	(33, 35)
push-button	Unordered List	""			(1190, 130)	(44, 35)
push-button	Ordered List	""			(1234, 130)	(44, 35)
push-button	No List	""			(1278, 130)	(33, 35)
push-button	Increase	""			(1319, 130)	(33, 35)
push-button	Decrease	""			(1352, 130)	(33, 35)
push-button	Line Spacing	""			(1393, 130)	(44, 35)
push-button	Increase	""			(1437, 130)	(33, 35)
push-button	Decrease	""			(1470, 130)	(33, 35)
label		Page 1 of 1			(105, 966)	(258, 18)
label		71 words, 424 characters			(369, 966)	(342, 18)
label		Default Page Style			(717, 966)	(306, 18)
label		English (USA)			(1029, 966)	(276, 18)
label		173%			(1876, 966)	(38, 18)
check-box	Merge with next paragraph	""			(594, 690)	(208, 22)
label	Properties	Properties			(582, 667)	(75, 17)
spin-button		0.07″			(956, 621)	(128, 34)
label	Position:	Position:			(888, 547)	(62, 34)
list-item	No Shadow	""			(957, 547)	(39, 34)
list-item	Cast Shadow to Bottom Right	""			(996, 547)	(39, 34)
list-item	Cast Shadow to Top Right	""			(1035, 547)	(39, 34)
list-item	Cast Shadow to Bottom Left	""			(1074, 547)	(39, 34)
list-item	Cast Shadow to Top Left	""			(1113, 547)	(39, 34)
label	Shadow Style	Shadow Style			(876, 524)	(97, 17)
check-box	Synchronize	""			(888, 463)	(196, 22)
label	Bottom:	Bottom:			(888, 426)	(62, 34)
label	Top:	Top:			(888, 389)	(62, 34)
label	Right:	Right:			(888, 352)	(62, 34)
label	Left:	Left:			(888, 315)	(62, 34)
spin-button		0.00″			(956, 426)	(128, 34)
spin-button		0.00″			(956, 352)	(128, 34)
spin-button		0.00″			(956, 389)	(128, 34)
spin-button		0.00″			(956, 315)	(128, 34)
label	Padding	Padding			(876, 292)	(57, 17)
toggle-button	Black	""			(655, 584)	(197, 34)
label	Color:	Color:			(594, 584)	(55, 34)
label	Width:	Width:			(594, 621)	(55, 34)
label	Style:	Style:			(594, 547)	(55, 34)
label	Line	Line			(582, 524)	(30, 17)
list-item	No Borders	""			(656, 315)	(39, 34)
list-item	All Four Borders	""			(695, 315)	(39, 34)
list-item	Left and Right Borders Only	""			(734, 315)	(39, 34)
list-item	Top and Bottom Borders Only	""			(773, 315)	(39, 34)
list-item	Left Border Only	""			(812, 315)	(39, 34)
label	Presets:	Presets:			(594, 315)	(55, 34)
label	User-defined:	User-defined:			(594, 352)	(258, 17)
check-box	Left border line	""			(5, 5)	(19, 123)
check-box	Right border line	""			(109, 5)	(19, 123)
check-box	Top border line	""			(5, 5)	(123, 19)
check-box	Bottom border line	""			(5, 109)	(123, 19)
label	Line Arrangement	Line Arrangement			(582, 292)	(130, 17)
push-button	Reset	""			(1150, 805)	(86, 34)
push-button	Help	""			(575, 805)	(86, 34)
push-button	Cancel	""			(1240, 805)	(86, 34)
push-button	OK	""			(1330, 805)	(86, 34)
Generating content with GPT model: o4-mini
RESPONSE: Reflection: The Paragraph dialog is open on the “Borders” tab; to set tab-stops we need to switch to the “Tabs” page next.

```python
import pyautogui, time

# Click the "Tabs" tab in the Paragraph dialog
pyautogui.click(x=740, y=280)
```
LINEAR AT: tag	name	text	class	description	position (top-left x&y)	size (w&h)
label	Home	Home			(1833, 939)	(40, 17)
label	04 CHIN9505 EBook Purchasing info 2021 Jan.​docx	04 CHIN9505 EBook Purchasing info 2021 Jan.​docx			(1793, 819)	(120, 34)
menu	LibreOffice Writer	""			(99, 0)	(180, 27)
menu	System	""			(1814, 0)	(106, 27)
push-button	Chromium Web Browser	""			(0, 33)	(70, 64)
push-button	Thunderbird Mail	""			(0, 101)	(70, 64)
push-button	Visual Studio Code	""			(0, 169)	(70, 64)
push-button	VLC media player	""			(0, 237)	(70, 64)
push-button	LibreOffice Writer	""			(0, 305)	(70, 64)
push-button	LibreOffice Calc	""			(0, 373)	(70, 64)
push-button	LibreOffice Impress	""			(0, 441)	(70, 64)
push-button	GNU Image Manipulation Program	""			(0, 509)	(70, 64)
push-button	Files	""			(0, 577)	(70, 64)
push-button	Ubuntu Software	""			(0, 645)	(70, 64)
push-button	Help	""			(0, 713)	(70, 64)
push-button	Trash	""			(0, 784)	(70, 64)
toggle-button	Show Applications	""			(0, 915)	(70, 70)
menu	File	""			(70, 64)	(40, 25)
menu	Edit	""			(110, 64)	(43, 25)
menu	View	""			(153, 64)	(49, 25)
menu	Insert	""			(202, 64)	(55, 25)
menu	Format	""			(257, 64)	(66, 25)
menu	Styles	""			(323, 64)	(56, 25)
menu	Table	""			(379, 64)	(53, 25)
menu	Form	""			(432, 64)	(52, 25)
menu	Tools	""			(484, 64)	(52, 25)
menu	Window	""			(536, 64)	(70, 25)
menu	Help	""			(606, 64)	(47, 25)
menu	File	File			(70, 89)	(40, 21)
menu	Edit	Edit			(110, 89)	(43, 21)
menu	View	View			(153, 89)	(50, 21)
menu	Insert	Insert			(203, 89)	(56, 21)
menu	Format	Format			(259, 89)	(66, 21)
menu	Styles	Styles			(325, 89)	(56, 21)
menu	Table	Table			(381, 89)	(53, 21)
menu	Form	Form			(434, 89)	(52, 21)
menu	Tools	Tools			(486, 89)	(53, 21)
menu	Window	Window			(539, 89)	(73, 21)
menu	Help	Help			(612, 89)	(48, 21)
document-text	04 CHIN9505 EBook Purchasing info 2021 Jan - LibreOffice Document	""			(70, 271)	(1792, 693)
paragraph		Please find the E-book purchase option for your reference:  			(260, 470)	(1412, 33)
paragraph		How to use BLCUP eBook for PC 			(260, 503)	(1412, 64)
paragraph		Make payment for this eBook online. 			(260, 567)	(1412, 65)
paragraph		Enter User center (Your BLCUP ID. 			(260, 632)	(1412, 64)
paragraph		Download and install Windows eBook Reader (flipviewer) on your PC.			(260, 696)	(1412, 65)
paragraph		Enter User center (Your BLCUP ID.			(260, 761)	(1412, 65)
paragraph		Download eBook and input Subscription ID online to open the OPZ file.			(260, 826)	(1412, 64)
paragraph		Support Contact: service blcup.com			(260, 890)	(1412, 65)
paragraph		This product is protected by copyright. 			(260, 955)	(1412, 9)
scroll-bar	Vertical scroll bar	""			(1862, 247)	(12, 717)
toggle-button	Menu	""			(1874, 171)	(36, 34)
text		Help us make LibreOffice even better!			(111, 178)	(1611, 26)
push-button	Get involved	""			(1728, 170)	(117, 34)
text		Your donations support our worldwide community.			(111, 218)	(1645, 26)
push-button	Donate	""			(1762, 210)	(83, 34)
push-button	New	""			(74, 91)	(44, 35)
push-button	Open	""			(118, 91)	(44, 35)
push-button	Save	""			(162, 91)	(44, 35)
push-button	Export Directly as PDF	""			(214, 91)	(33, 35)
push-button	Print	""			(247, 91)	(33, 35)
toggle-button	Print Preview	""			(280, 91)	(33, 35)
push-button	Clone	""			(439, 91)	(33, 35)
toggle-button	Find and Replace	""			(576, 91)	(33, 35)
push-button	Spelling	""			(609, 91)	(33, 35)
toggle-button	Formatting Marks	""			(642, 91)	(33, 35)
push-button	Table	""			(683, 91)	(44, 35)
push-button	Image	""			(727, 91)	(33, 35)
push-button	Chart	""			(760, 91)	(33, 35)
push-button	Text Box	""			(793, 91)	(33, 35)
push-button	Page Break	""			(834, 91)	(33, 35)
push-button	Field	""			(867, 91)	(44, 35)
push-button	Symbol	""			(911, 91)	(44, 35)
toggle-button	Hyperlink	""			(963, 91)	(33, 35)
push-button	Footnote	""			(996, 91)	(33, 35)
push-button	Endnote	""			(1029, 91)	(33, 35)
push-button	Bookmark	""			(1062, 91)	(33, 35)
push-button	Cross-reference	""			(1095, 91)	(33, 35)
push-button	Comment	""			(1136, 91)	(33, 35)
toggle-button	Track Changes Functions	""			(1169, 91)	(33, 35)
push-button	Line	""			(1210, 91)	(33, 35)
push-button	Basic Shapes	""			(1243, 91)	(44, 35)
toggle-button	Draw Functions	""			(1287, 91)	(33, 35)
text		Normal (Web)			(74, 130)	(166, 34)
push-button	Update	""			(276, 130)	(33, 35)
push-button	New	""			(309, 130)	(33, 35)
text		Calibri			(350, 130)	(185, 34)
text		12 pt			(579, 130)	(65, 34)
toggle-button	Bold	""			(688, 130)	(33, 35)
toggle-button	Italic	""			(721, 130)	(33, 35)
push-button	Underline	""			(754, 130)	(44, 35)
toggle-button	Strikethrough	""			(798, 130)	(33, 35)
toggle-button	Superscript	""			(839, 130)	(33, 35)
toggle-button	Subscript	""			(872, 130)	(33, 35)
push-button	Clear	""			(913, 130)	(33, 35)
push-button	Font Color	""			(954, 130)	(44, 35)
push-button	Character Highlighting Color	""			(998, 130)	(44, 35)
toggle-button	Left	""			(1050, 130)	(33, 35)
toggle-button	Center	""			(1083, 130)	(33, 35)
toggle-button	Right	""			(1116, 130)	(33, 35)
toggle-button	Justified	""			(1149, 130)	(33, 35)
push-button	Unordered List	""			(1190, 130)	(44, 35)
push-button	Ordered List	""			(1234, 130)	(44, 35)
push-button	No List	""			(1278, 130)	(33, 35)
push-button	Increase	""			(1319, 130)	(33, 35)
push-button	Decrease	""			(1352, 130)	(33, 35)
push-button	Line Spacing	""			(1393, 130)	(44, 35)
push-button	Increase	""			(1437, 130)	(33, 35)
push-button	Decrease	""			(1470, 130)	(33, 35)
label		Page 1 of 1			(105, 966)	(258, 18)
label		71 words, 424 characters			(369, 966)	(342, 18)
label		Default Page Style			(717, 966)	(306, 18)
label		English (USA)			(1029, 966)	(276, 18)
label		173%			(1876, 966)	(38, 18)
label	Outline level:	Outline level:			(594, 315)	(110, 34)
label	Outline	Outline			(582, 292)	(55, 17)
label	List style:	List style:			(594, 378)	(110, 34)
spin-button		0			(710, 446)	(120, 34)
label	Apply List Style	Apply List Style			(582, 355)	(113, 17)
check-box	Include this paragraph in line numbering	""			(594, 509)	(294, 22)
check-box	Restart at this paragraph	""			(594, 537)	(196, 22)
spin-button		1			(710, 565)	(128, 34)
label	Line Numbering	Line Numbering			(582, 486)	(113, 17)
check-box	Left border line	""			(5, 5)	(19, 123)
check-box	Right border line	""			(109, 5)	(19, 123)
check-box	Top border line	""			(5, 5)	(123, 19)
check-box	Bottom border line	""			(5, 109)	(123, 19)
push-button	Reset	""			(1150, 805)	(86, 34)
push-button	Help	""			(575, 805)	(86, 34)
push-button	Cancel	""			(1240, 805)	(86, 34)
push-button	OK	""			(1330, 805)	(86, 34)
Generating content with GPT model: o4-mini
RESPONSE: Reflection: The dialog is currently on the “Outline & List” tab. To set up tab stops, I need to switch to the “Tabs” page.

```python
import pyautogui, time

# Click the "Tabs" tab in the Paragraph dialog to open tab-stop settings
pyautogui.click(x=650, y=290)
```
LINEAR AT: tag	name	text	class	description	position (top-left x&y)	size (w&h)
label	Home	Home			(1833, 939)	(40, 17)
label	04 CHIN9505 EBook Purchasing info 2021 Jan.​docx	04 CHIN9505 EBook Purchasing info 2021 Jan.​docx			(1793, 819)	(120, 34)
menu	LibreOffice Writer	""			(99, 0)	(180, 27)
menu	System	""			(1814, 0)	(106, 27)
push-button	Chromium Web Browser	""			(0, 33)	(70, 64)
push-button	Thunderbird Mail	""			(0, 101)	(70, 64)
push-button	Visual Studio Code	""			(0, 169)	(70, 64)
push-button	VLC media player	""			(0, 237)	(70, 64)
push-button	LibreOffice Writer	""			(0, 305)	(70, 64)
push-button	LibreOffice Calc	""			(0, 373)	(70, 64)
push-button	LibreOffice Impress	""			(0, 441)	(70, 64)
push-button	GNU Image Manipulation Program	""			(0, 509)	(70, 64)
push-button	Files	""			(0, 577)	(70, 64)
push-button	Ubuntu Software	""			(0, 645)	(70, 64)
push-button	Help	""			(0, 713)	(70, 64)
push-button	Trash	""			(0, 784)	(70, 64)
toggle-button	Show Applications	""			(0, 915)	(70, 70)
menu	File	""			(70, 64)	(40, 25)
menu	Edit	""			(110, 64)	(43, 25)
menu	View	""			(153, 64)	(49, 25)
menu	Insert	""			(202, 64)	(55, 25)
menu	Format	""			(257, 64)	(66, 25)
menu	Styles	""			(323, 64)	(56, 25)
menu	Table	""			(379, 64)	(53, 25)
menu	Form	""			(432, 64)	(52, 25)
menu	Tools	""			(484, 64)	(52, 25)
menu	Window	""			(536, 64)	(70, 25)
menu	Help	""			(606, 64)	(47, 25)
menu	File	File			(70, 89)	(40, 21)
menu	Edit	Edit			(110, 89)	(43, 21)
menu	View	View			(153, 89)	(50, 21)
menu	Insert	Insert			(203, 89)	(56, 21)
menu	Format	Format			(259, 89)	(66, 21)
menu	Styles	Styles			(325, 89)	(56, 21)
menu	Table	Table			(381, 89)	(53, 21)
menu	Form	Form			(434, 89)	(52, 21)
menu	Tools	Tools			(486, 89)	(53, 21)
menu	Window	Window			(539, 89)	(73, 21)
menu	Help	Help			(612, 89)	(48, 21)
document-text	04 CHIN9505 EBook Purchasing info 2021 Jan - LibreOffice Document	""			(70, 271)	(1792, 693)
paragraph		Please find the E-book purchase option for your reference:  			(260, 470)	(1412, 33)
paragraph		How to use BLCUP eBook for PC 			(260, 503)	(1412, 64)
paragraph		Make payment for this eBook online. 			(260, 567)	(1412, 65)
paragraph		Enter User center (Your BLCUP ID. 			(260, 632)	(1412, 64)
paragraph		Download and install Windows eBook Reader (flipviewer) on your PC.			(260, 696)	(1412, 65)
paragraph		Enter User center (Your BLCUP ID.			(260, 761)	(1412, 65)
paragraph		Download eBook and input Subscription ID online to open the OPZ file.			(260, 826)	(1412, 64)
paragraph		Support Contact: service blcup.com			(260, 890)	(1412, 65)
paragraph		This product is protected by copyright. 			(260, 955)	(1412, 9)
scroll-bar	Vertical scroll bar	""			(1862, 247)	(12, 717)
toggle-button	Menu	""			(1874, 171)	(36, 34)
text		Help us make LibreOffice even better!			(111, 178)	(1611, 26)
push-button	Get involved	""			(1728, 170)	(117, 34)
text		Your donations support our worldwide community.			(111, 218)	(1645, 26)
push-button	Donate	""			(1762, 210)	(83, 34)
push-button	New	""			(74, 91)	(44, 35)
push-button	Open	""			(118, 91)	(44, 35)
push-button	Save	""			(162, 91)	(44, 35)
push-button	Export Directly as PDF	""			(214, 91)	(33, 35)
push-button	Print	""			(247, 91)	(33, 35)
toggle-button	Print Preview	""			(280, 91)	(33, 35)
push-button	Clone	""			(439, 91)	(33, 35)
toggle-button	Find and Replace	""			(576, 91)	(33, 35)
push-button	Spelling	""			(609, 91)	(33, 35)
toggle-button	Formatting Marks	""			(642, 91)	(33, 35)
push-button	Table	""			(683, 91)	(44, 35)
push-button	Image	""			(727, 91)	(33, 35)
push-button	Chart	""			(760, 91)	(33, 35)
push-button	Text Box	""			(793, 91)	(33, 35)
push-button	Page Break	""			(834, 91)	(33, 35)
push-button	Field	""			(867, 91)	(44, 35)
push-button	Symbol	""			(911, 91)	(44, 35)
toggle-button	Hyperlink	""			(963, 91)	(33, 35)
push-button	Footnote	""			(996, 91)	(33, 35)
push-button	Endnote	""			(1029, 91)	(33, 35)
push-button	Bookmark	""			(1062, 91)	(33, 35)
push-button	Cross-reference	""			(1095, 91)	(33, 35)
push-button	Comment	""			(1136, 91)	(33, 35)
toggle-button	Track Changes Functions	""			(1169, 91)	(33, 35)
push-button	Line	""			(1210, 91)	(33, 35)
push-button	Basic Shapes	""			(1243, 91)	(44, 35)
toggle-button	Draw Functions	""			(1287, 91)	(33, 35)
text		Normal (Web)			(74, 130)	(166, 34)
push-button	Update	""			(276, 130)	(33, 35)
push-button	New	""			(309, 130)	(33, 35)
text		Calibri			(350, 130)	(185, 34)
text		12 pt			(579, 130)	(65, 34)
toggle-button	Bold	""			(688, 130)	(33, 35)
toggle-button	Italic	""			(721, 130)	(33, 35)
push-button	Underline	""			(754, 130)	(44, 35)
toggle-button	Strikethrough	""			(798, 130)	(33, 35)
toggle-button	Superscript	""			(839, 130)	(33, 35)
toggle-button	Subscript	""			(872, 130)	(33, 35)
push-button	Clear	""			(913, 130)	(33, 35)
push-button	Font Color	""			(954, 130)	(44, 35)
push-button	Character Highlighting Color	""			(998, 130)	(44, 35)
toggle-button	Left	""			(1050, 130)	(33, 35)
toggle-button	Center	""			(1083, 130)	(33, 35)
toggle-button	Right	""			(1116, 130)	(33, 35)
toggle-button	Justified	""			(1149, 130)	(33, 35)
push-button	Unordered List	""			(1190, 130)	(44, 35)
push-button	Ordered List	""			(1234, 130)	(44, 35)
push-button	No List	""			(1278, 130)	(33, 35)
push-button	Increase	""			(1319, 130)	(33, 35)
push-button	Decrease	""			(1352, 130)	(33, 35)
push-button	Line Spacing	""			(1393, 130)	(44, 35)
push-button	Increase	""			(1437, 130)	(33, 35)
push-button	Decrease	""			(1470, 130)	(33, 35)
label		Page 1 of 1			(105, 966)	(258, 18)
label		71 words, 424 characters			(369, 966)	(342, 18)
label		Default Page Style			(717, 966)	(306, 18)
label		English (USA)			(1029, 966)	(276, 18)
label		173%			(1876, 966)	(38, 18)
label	Outline level:	Outline level:			(594, 315)	(110, 34)
label	Outline	Outline			(582, 292)	(55, 17)
label	List style:	List style:			(594, 378)	(110, 34)
spin-button		0			(710, 446)	(120, 34)
label	Apply List Style	Apply List Style			(582, 355)	(113, 17)
check-box	Include this paragraph in line numbering	""			(594, 509)	(294, 22)
check-box	Restart at this paragraph	""			(594, 537)	(196, 22)
spin-button		1			(710, 565)	(128, 34)
label	Line Numbering	Line Numbering			(582, 486)	(113, 17)
check-box	Left border line	""			(5, 5)	(19, 123)
check-box	Right border line	""			(109, 5)	(19, 123)
check-box	Top border line	""			(5, 5)	(123, 19)
check-box	Bottom border line	""			(5, 109)	(123, 19)
push-button	Reset	""			(1150, 805)	(86, 34)
push-button	Help	""			(575, 805)	(86, 34)
push-button	Cancel	""			(1240, 805)	(86, 34)
push-button	OK	""			(1330, 805)	(86, 34)
Generating content with GPT model: o4-mini
RESPONSE: Reflection: We’re still on the “Outline & List” page of the Paragraph dialog. To set left‐ and right‐aligned tab stops, we must switch to the “Tabs” page.

```python
import pyautogui, time

# Click the "Tabs" tab in the Paragraph dialog to open tab-stop controls
pyautogui.click(x=705, y=265)
time.sleep(0.5)
```
LINEAR AT: tag	name	text	class	description	position (top-left x&y)	size (w&h)
label	Home	Home			(1833, 939)	(40, 17)
label	04 CHIN9505 EBook Purchasing info 2021 Jan.​docx	04 CHIN9505 EBook Purchasing info 2021 Jan.​docx			(1793, 819)	(120, 34)
menu	LibreOffice Writer	""			(99, 0)	(180, 27)
menu	System	""			(1814, 0)	(106, 27)
push-button	Chromium Web Browser	""			(0, 33)	(70, 64)
push-button	Thunderbird Mail	""			(0, 101)	(70, 64)
push-button	Visual Studio Code	""			(0, 169)	(70, 64)
push-button	VLC media player	""			(0, 237)	(70, 64)
push-button	LibreOffice Writer	""			(0, 305)	(70, 64)
push-button	LibreOffice Calc	""			(0, 373)	(70, 64)
push-button	LibreOffice Impress	""			(0, 441)	(70, 64)
push-button	GNU Image Manipulation Program	""			(0, 509)	(70, 64)
push-button	Files	""			(0, 577)	(70, 64)
push-button	Ubuntu Software	""			(0, 645)	(70, 64)
push-button	Help	""			(0, 713)	(70, 64)
push-button	Trash	""			(0, 784)	(70, 64)
toggle-button	Show Applications	""			(0, 915)	(70, 70)
menu	File	""			(70, 64)	(40, 25)
menu	Edit	""			(110, 64)	(43, 25)
menu	View	""			(153, 64)	(49, 25)
menu	Insert	""			(202, 64)	(55, 25)
menu	Format	""			(257, 64)	(66, 25)
menu	Styles	""			(323, 64)	(56, 25)
menu	Table	""			(379, 64)	(53, 25)
menu	Form	""			(432, 64)	(52, 25)
menu	Tools	""			(484, 64)	(52, 25)
menu	Window	""			(536, 64)	(70, 25)
menu	Help	""			(606, 64)	(47, 25)
menu	File	File			(70, 89)	(40, 21)
menu	Edit	Edit			(110, 89)	(43, 21)
menu	View	View			(153, 89)	(50, 21)
menu	Insert	Insert			(203, 89)	(56, 21)
menu	Format	Format			(259, 89)	(66, 21)
menu	Styles	Styles			(325, 89)	(56, 21)
menu	Table	Table			(381, 89)	(53, 21)
menu	Form	Form			(434, 89)	(52, 21)
menu	Tools	Tools			(486, 89)	(53, 21)
menu	Window	Window			(539, 89)	(73, 21)
menu	Help	Help			(612, 89)	(48, 21)
document-text	04 CHIN9505 EBook Purchasing info 2021 Jan - LibreOffice Document	""			(70, 271)	(1792, 693)
paragraph		Please find the E-book purchase option for your reference:  			(260, 470)	(1412, 33)
paragraph		How to use BLCUP eBook for PC 			(260, 503)	(1412, 64)
paragraph		Make payment for this eBook online. 			(260, 567)	(1412, 65)
paragraph		Enter User center (Your BLCUP ID. 			(260, 632)	(1412, 64)
paragraph		Download and install Windows eBook Reader (flipviewer) on your PC.			(260, 696)	(1412, 65)
paragraph		Enter User center (Your BLCUP ID.			(260, 761)	(1412, 65)
paragraph		Download eBook and input Subscription ID online to open the OPZ file.			(260, 826)	(1412, 64)
paragraph		Support Contact: service blcup.com			(260, 890)	(1412, 65)
paragraph		This product is protected by copyright. 			(260, 955)	(1412, 9)
scroll-bar	Vertical scroll bar	""			(1862, 247)	(12, 717)
toggle-button	Menu	""			(1874, 171)	(36, 34)
text		Help us make LibreOffice even better!			(111, 178)	(1611, 26)
push-button	Get involved	""			(1728, 170)	(117, 34)
text		Your donations support our worldwide community.			(111, 218)	(1645, 26)
push-button	Donate	""			(1762, 210)	(83, 34)
push-button	New	""			(74, 91)	(44, 35)
push-button	Open	""			(118, 91)	(44, 35)
push-button	Save	""			(162, 91)	(44, 35)
push-button	Export Directly as PDF	""			(214, 91)	(33, 35)
push-button	Print	""			(247, 91)	(33, 35)
toggle-button	Print Preview	""			(280, 91)	(33, 35)
push-button	Clone	""			(439, 91)	(33, 35)
toggle-button	Find and Replace	""			(576, 91)	(33, 35)
push-button	Spelling	""			(609, 91)	(33, 35)
toggle-button	Formatting Marks	""			(642, 91)	(33, 35)
push-button	Table	""			(683, 91)	(44, 35)
push-button	Image	""			(727, 91)	(33, 35)
push-button	Chart	""			(760, 91)	(33, 35)
push-button	Text Box	""			(793, 91)	(33, 35)
push-button	Page Break	""			(834, 91)	(33, 35)
push-button	Field	""			(867, 91)	(44, 35)
push-button	Symbol	""			(911, 91)	(44, 35)
toggle-button	Hyperlink	""			(963, 91)	(33, 35)
push-button	Footnote	""			(996, 91)	(33, 35)
push-button	Endnote	""			(1029, 91)	(33, 35)
push-button	Bookmark	""			(1062, 91)	(33, 35)
push-button	Cross-reference	""			(1095, 91)	(33, 35)
push-button	Comment	""			(1136, 91)	(33, 35)
toggle-button	Track Changes Functions	""			(1169, 91)	(33, 35)
push-button	Line	""			(1210, 91)	(33, 35)
push-button	Basic Shapes	""			(1243, 91)	(44, 35)
toggle-button	Draw Functions	""			(1287, 91)	(33, 35)
text		Normal (Web)			(74, 130)	(166, 34)
push-button	Update	""			(276, 130)	(33, 35)
push-button	New	""			(309, 130)	(33, 35)
text		Calibri			(350, 130)	(185, 34)
text		12 pt			(579, 130)	(65, 34)
toggle-button	Bold	""			(688, 130)	(33, 35)
toggle-button	Italic	""			(721, 130)	(33, 35)
push-button	Underline	""			(754, 130)	(44, 35)
toggle-button	Strikethrough	""			(798, 130)	(33, 35)
toggle-button	Superscript	""			(839, 130)	(33, 35)
toggle-button	Subscript	""			(872, 130)	(33, 35)
push-button	Clear	""			(913, 130)	(33, 35)
push-button	Font Color	""			(954, 130)	(44, 35)
push-button	Character Highlighting Color	""			(998, 130)	(44, 35)
toggle-button	Left	""			(1050, 130)	(33, 35)
toggle-button	Center	""			(1083, 130)	(33, 35)
toggle-button	Right	""			(1116, 130)	(33, 35)
toggle-button	Justified	""			(1149, 130)	(33, 35)
push-button	Unordered List	""			(1190, 130)	(44, 35)
push-button	Ordered List	""			(1234, 130)	(44, 35)
push-button	No List	""			(1278, 130)	(33, 35)
push-button	Increase	""			(1319, 130)	(33, 35)
push-button	Decrease	""			(1352, 130)	(33, 35)
push-button	Line Spacing	""			(1393, 130)	(44, 35)
push-button	Increase	""			(1437, 130)	(33, 35)
push-button	Decrease	""			(1470, 130)	(33, 35)
label		Page 1 of 1			(105, 966)	(258, 18)
label		71 words, 424 characters			(369, 966)	(342, 18)
label		Default Page Style			(717, 966)	(306, 18)
label		English (USA)			(1029, 966)	(276, 18)
label		173%			(1876, 966)	(38, 18)
label	Outline level:	Outline level:			(594, 315)	(110, 34)
label	Outline	Outline			(582, 292)	(55, 17)
label	List style:	List style:			(594, 378)	(110, 34)
spin-button		0			(710, 446)	(120, 34)
label	Apply List Style	Apply List Style			(582, 355)	(113, 17)
check-box	Include this paragraph in line numbering	""			(594, 509)	(294, 22)
check-box	Restart at this paragraph	""			(594, 537)	(196, 22)
spin-button		1			(710, 565)	(128, 34)
label	Line Numbering	Line Numbering			(582, 486)	(113, 17)
check-box	Left border line	""			(5, 5)	(19, 123)
check-box	Right border line	""			(109, 5)	(19, 123)
check-box	Top border line	""			(5, 5)	(123, 19)
check-box	Bottom border line	""			(5, 109)	(123, 19)
push-button	Reset	""			(1150, 805)	(86, 34)
push-button	Help	""			(575, 805)	(86, 34)
push-button	Cancel	""			(1240, 805)	(86, 34)
push-button	OK	""			(1330, 805)	(86, 34)
Generating content with GPT model: o4-mini
RESPONSE: Reflection: We’re still on the “Outline & List” page. To adjust left- and right-aligned tab stops, I need to switch to the “Tabs” tab in this dialog.

```python
import pyautogui, time

# Switch to the "Tabs" tab in the Paragraph dialog
pyautogui.click(x=675, y=260)
time.sleep(0.5)
```
LINEAR AT: tag	name	text	class	description	position (top-left x&y)	size (w&h)
label	Home	Home			(1833, 939)	(40, 17)
label	04 CHIN9505 EBook Purchasing info 2021 Jan.​docx	04 CHIN9505 EBook Purchasing info 2021 Jan.​docx			(1793, 819)	(120, 34)
menu	LibreOffice Writer	""			(99, 0)	(180, 27)
menu	System	""			(1814, 0)	(106, 27)
push-button	Chromium Web Browser	""			(0, 33)	(70, 64)
push-button	Thunderbird Mail	""			(0, 101)	(70, 64)
push-button	Visual Studio Code	""			(0, 169)	(70, 64)
push-button	VLC media player	""			(0, 237)	(70, 64)
push-button	LibreOffice Writer	""			(0, 305)	(70, 64)
push-button	LibreOffice Calc	""			(0, 373)	(70, 64)
push-button	LibreOffice Impress	""			(0, 441)	(70, 64)
push-button	GNU Image Manipulation Program	""			(0, 509)	(70, 64)
push-button	Files	""			(0, 577)	(70, 64)
push-button	Ubuntu Software	""			(0, 645)	(70, 64)
push-button	Help	""			(0, 713)	(70, 64)
push-button	Trash	""			(0, 784)	(70, 64)
toggle-button	Show Applications	""			(0, 915)	(70, 70)
menu	File	""			(70, 64)	(40, 25)
menu	Edit	""			(110, 64)	(43, 25)
menu	View	""			(153, 64)	(49, 25)
menu	Insert	""			(202, 64)	(55, 25)
menu	Format	""			(257, 64)	(66, 25)
menu	Styles	""			(323, 64)	(56, 25)
menu	Table	""			(379, 64)	(53, 25)
menu	Form	""			(432, 64)	(52, 25)
menu	Tools	""			(484, 64)	(52, 25)
menu	Window	""			(536, 64)	(70, 25)
menu	Help	""			(606, 64)	(47, 25)
menu	File	File			(70, 89)	(40, 21)
menu	Edit	Edit			(110, 89)	(43, 21)
menu	View	View			(153, 89)	(50, 21)
menu	Insert	Insert			(203, 89)	(56, 21)
menu	Format	Format			(259, 89)	(66, 21)
menu	Styles	Styles			(325, 89)	(56, 21)
menu	Table	Table			(381, 89)	(53, 21)
menu	Form	Form			(434, 89)	(52, 21)
menu	Tools	Tools			(486, 89)	(53, 21)
menu	Window	Window			(539, 89)	(73, 21)
menu	Help	Help			(612, 89)	(48, 21)
document-text	04 CHIN9505 EBook Purchasing info 2021 Jan - LibreOffice Document	""			(70, 271)	(1792, 693)
paragraph		Please find the E-book purchase option for your reference:  			(260, 470)	(1412, 33)
paragraph		How to use BLCUP eBook for PC 			(260, 503)	(1412, 64)
paragraph		Make payment for this eBook online. 			(260, 567)	(1412, 65)
paragraph		Enter User center (Your BLCUP ID. 			(260, 632)	(1412, 64)
paragraph		Download and install Windows eBook Reader (flipviewer) on your PC.			(260, 696)	(1412, 65)
paragraph		Enter User center (Your BLCUP ID.			(260, 761)	(1412, 65)
paragraph		Download eBook and input Subscription ID online to open the OPZ file.			(260, 826)	(1412, 64)
paragraph		Support Contact: service blcup.com			(260, 890)	(1412, 65)
paragraph		This product is protected by copyright. 			(260, 955)	(1412, 9)
scroll-bar	Vertical scroll bar	""			(1862, 247)	(12, 717)
toggle-button	Menu	""			(1874, 171)	(36, 34)
text		Help us make LibreOffice even better!			(111, 178)	(1611, 26)
push-button	Get involved	""			(1728, 170)	(117, 34)
text		Your donations support our worldwide community.			(111, 218)	(1645, 26)
push-button	Donate	""			(1762, 210)	(83, 34)
push-button	New	""			(74, 91)	(44, 35)
push-button	Open	""			(118, 91)	(44, 35)
push-button	Save	""			(162, 91)	(44, 35)
push-button	Export Directly as PDF	""			(214, 91)	(33, 35)
push-button	Print	""			(247, 91)	(33, 35)
toggle-button	Print Preview	""			(280, 91)	(33, 35)
push-button	Clone	""			(439, 91)	(33, 35)
toggle-button	Find and Replace	""			(576, 91)	(33, 35)
push-button	Spelling	""			(609, 91)	(33, 35)
toggle-button	Formatting Marks	""			(642, 91)	(33, 35)
push-button	Table	""			(683, 91)	(44, 35)
push-button	Image	""			(727, 91)	(33, 35)
push-button	Chart	""			(760, 91)	(33, 35)
push-button	Text Box	""			(793, 91)	(33, 35)
push-button	Page Break	""			(834, 91)	(33, 35)
push-button	Field	""			(867, 91)	(44, 35)
push-button	Symbol	""			(911, 91)	(44, 35)
toggle-button	Hyperlink	""			(963, 91)	(33, 35)
push-button	Footnote	""			(996, 91)	(33, 35)
push-button	Endnote	""			(1029, 91)	(33, 35)
push-button	Bookmark	""			(1062, 91)	(33, 35)
push-button	Cross-reference	""			(1095, 91)	(33, 35)
push-button	Comment	""			(1136, 91)	(33, 35)
toggle-button	Track Changes Functions	""			(1169, 91)	(33, 35)
push-button	Line	""			(1210, 91)	(33, 35)
push-button	Basic Shapes	""			(1243, 91)	(44, 35)
toggle-button	Draw Functions	""			(1287, 91)	(33, 35)
text		Normal (Web)			(74, 130)	(166, 34)
push-button	Update	""			(276, 130)	(33, 35)
push-button	New	""			(309, 130)	(33, 35)
text		Calibri			(350, 130)	(185, 34)
text		12 pt			(579, 130)	(65, 34)
toggle-button	Bold	""			(688, 130)	(33, 35)
toggle-button	Italic	""			(721, 130)	(33, 35)
push-button	Underline	""			(754, 130)	(44, 35)
toggle-button	Strikethrough	""			(798, 130)	(33, 35)
toggle-button	Superscript	""			(839, 130)	(33, 35)
toggle-button	Subscript	""			(872, 130)	(33, 35)
push-button	Clear	""			(913, 130)	(33, 35)
push-button	Font Color	""			(954, 130)	(44, 35)
push-button	Character Highlighting Color	""			(998, 130)	(44, 35)
toggle-button	Left	""			(1050, 130)	(33, 35)
toggle-button	Center	""			(1083, 130)	(33, 35)
toggle-button	Right	""			(1116, 130)	(33, 35)
toggle-button	Justified	""			(1149, 130)	(33, 35)
push-button	Unordered List	""			(1190, 130)	(44, 35)
push-button	Ordered List	""			(1234, 130)	(44, 35)
push-button	No List	""			(1278, 130)	(33, 35)
push-button	Increase	""			(1319, 130)	(33, 35)
push-button	Decrease	""			(1352, 130)	(33, 35)
push-button	Line Spacing	""			(1393, 130)	(44, 35)
push-button	Increase	""			(1437, 130)	(33, 35)
push-button	Decrease	""			(1470, 130)	(33, 35)
label		Page 1 of 1			(105, 966)	(258, 18)
label		71 words, 424 characters			(369, 966)	(342, 18)
label		Default Page Style			(717, 966)	(306, 18)
label		English (USA)			(1029, 966)	(276, 18)
label		173%			(1876, 966)	(38, 18)
label	Outline level:	Outline level:			(594, 315)	(110, 34)
label	Outline	Outline			(582, 292)	(55, 17)
label	List style:	List style:			(594, 378)	(110, 34)
spin-button		0			(710, 446)	(120, 34)
label	Apply List Style	Apply List Style			(582, 355)	(113, 17)
check-box	Include this paragraph in line numbering	""			(594, 509)	(294, 22)
check-box	Restart at this paragraph	""			(594, 537)	(196, 22)
spin-button		1			(710, 565)	(128, 34)
label	Line Numbering	Line Numbering			(582, 486)	(113, 17)
check-box	Left border line	""			(5, 5)	(19, 123)
check-box	Right border line	""			(109, 5)	(19, 123)
check-box	Top border line	""			(5, 5)	(123, 19)
check-box	Bottom border line	""			(5, 109)	(123, 19)
push-button	Reset	""			(1150, 805)	(86, 34)
push-button	Help	""			(575, 805)	(86, 34)
push-button	Cancel	""			(1240, 805)	(86, 34)
push-button	OK	""			(1330, 805)	(86, 34)
Generating content with GPT model: o4-mini
RESPONSE: Reflection: The dialog is still on the “Outline & List” page, but to set tab stops for left‐ and right‐aligned text we must switch to the “Tabs” tab in this Paragraph dialog.

```python
import pyautogui, time

# Click the "Tabs" tab in the Paragraph dialog to access tab-stop settings
pyautogui.click(x=705, y=275)
time.sleep(0.5)
```
LINEAR AT: tag	name	text	class	description	position (top-left x&y)	size (w&h)
label	Home	Home			(1833, 939)	(40, 17)
label	04 CHIN9505 EBook Purchasing info 2021 Jan.​docx	04 CHIN9505 EBook Purchasing info 2021 Jan.​docx			(1793, 819)	(120, 34)
menu	LibreOffice Writer	""			(99, 0)	(180, 27)
menu	System	""			(1814, 0)	(106, 27)
push-button	Chromium Web Browser	""			(0, 33)	(70, 64)
push-button	Thunderbird Mail	""			(0, 101)	(70, 64)
push-button	Visual Studio Code	""			(0, 169)	(70, 64)
push-button	VLC media player	""			(0, 237)	(70, 64)
push-button	LibreOffice Writer	""			(0, 305)	(70, 64)
push-button	LibreOffice Calc	""			(0, 373)	(70, 64)
push-button	LibreOffice Impress	""			(0, 441)	(70, 64)
push-button	GNU Image Manipulation Program	""			(0, 509)	(70, 64)
push-button	Files	""			(0, 577)	(70, 64)
push-button	Ubuntu Software	""			(0, 645)	(70, 64)
push-button	Help	""			(0, 713)	(70, 64)
push-button	Trash	""			(0, 784)	(70, 64)
toggle-button	Show Applications	""			(0, 915)	(70, 70)
menu	File	""			(70, 64)	(40, 25)
menu	Edit	""			(110, 64)	(43, 25)
menu	View	""			(153, 64)	(49, 25)
menu	Insert	""			(202, 64)	(55, 25)
menu	Format	""			(257, 64)	(66, 25)
menu	Styles	""			(323, 64)	(56, 25)
menu	Table	""			(379, 64)	(53, 25)
menu	Form	""			(432, 64)	(52, 25)
menu	Tools	""			(484, 64)	(52, 25)
menu	Window	""			(536, 64)	(70, 25)
menu	Help	""			(606, 64)	(47, 25)
menu	File	File			(70, 89)	(40, 21)
menu	Edit	Edit			(110, 89)	(43, 21)
menu	View	View			(153, 89)	(50, 21)
menu	Insert	Insert			(203, 89)	(56, 21)
menu	Format	Format			(259, 89)	(66, 21)
menu	Styles	Styles			(325, 89)	(56, 21)
menu	Table	Table			(381, 89)	(53, 21)
menu	Form	Form			(434, 89)	(52, 21)
menu	Tools	Tools			(486, 89)	(53, 21)
menu	Window	Window			(539, 89)	(73, 21)
menu	Help	Help			(612, 89)	(48, 21)
document-text	04 CHIN9505 EBook Purchasing info 2021 Jan - LibreOffice Document	""			(70, 271)	(1792, 693)
paragraph		Please find the E-book purchase option for your reference:  			(260, 470)	(1412, 33)
paragraph		How to use BLCUP eBook for PC 			(260, 503)	(1412, 64)
paragraph		Make payment for this eBook online. 			(260, 567)	(1412, 65)
paragraph		Enter User center (Your BLCUP ID. 			(260, 632)	(1412, 64)
paragraph		Download and install Windows eBook Reader (flipviewer) on your PC.			(260, 696)	(1412, 65)
paragraph		Enter User center (Your BLCUP ID.			(260, 761)	(1412, 65)
paragraph		Download eBook and input Subscription ID online to open the OPZ file.			(260, 826)	(1412, 64)
paragraph		Support Contact: service blcup.com			(260, 890)	(1412, 65)
paragraph		This product is protected by copyright. 			(260, 955)	(1412, 9)
scroll-bar	Vertical scroll bar	""			(1862, 247)	(12, 717)
toggle-button	Menu	""			(1874, 171)	(36, 34)
text		Help us make LibreOffice even better!			(111, 178)	(1611, 26)
push-button	Get involved	""			(1728, 170)	(117, 34)
text		Your donations support our worldwide community.			(111, 218)	(1645, 26)
push-button	Donate	""			(1762, 210)	(83, 34)
push-button	New	""			(74, 91)	(44, 35)
push-button	Open	""			(118, 91)	(44, 35)
push-button	Save	""			(162, 91)	(44, 35)
push-button	Export Directly as PDF	""			(214, 91)	(33, 35)
push-button	Print	""			(247, 91)	(33, 35)
toggle-button	Print Preview	""			(280, 91)	(33, 35)
push-button	Clone	""			(439, 91)	(33, 35)
toggle-button	Find and Replace	""			(576, 91)	(33, 35)
push-button	Spelling	""			(609, 91)	(33, 35)
toggle-button	Formatting Marks	""			(642, 91)	(33, 35)
push-button	Table	""			(683, 91)	(44, 35)
push-button	Image	""			(727, 91)	(33, 35)
push-button	Chart	""			(760, 91)	(33, 35)
push-button	Text Box	""			(793, 91)	(33, 35)
push-button	Page Break	""			(834, 91)	(33, 35)
push-button	Field	""			(867, 91)	(44, 35)
push-button	Symbol	""			(911, 91)	(44, 35)
toggle-button	Hyperlink	""			(963, 91)	(33, 35)
push-button	Footnote	""			(996, 91)	(33, 35)
push-button	Endnote	""			(1029, 91)	(33, 35)
push-button	Bookmark	""			(1062, 91)	(33, 35)
push-button	Cross-reference	""			(1095, 91)	(33, 35)
push-button	Comment	""			(1136, 91)	(33, 35)
toggle-button	Track Changes Functions	""			(1169, 91)	(33, 35)
push-button	Line	""			(1210, 91)	(33, 35)
push-button	Basic Shapes	""			(1243, 91)	(44, 35)
toggle-button	Draw Functions	""			(1287, 91)	(33, 35)
text		Normal (Web)			(74, 130)	(166, 34)
push-button	Update	""			(276, 130)	(33, 35)
push-button	New	""			(309, 130)	(33, 35)
text		Calibri			(350, 130)	(185, 34)
text		12 pt			(579, 130)	(65, 34)
toggle-button	Bold	""			(688, 130)	(33, 35)
toggle-button	Italic	""			(721, 130)	(33, 35)
push-button	Underline	""			(754, 130)	(44, 35)
toggle-button	Strikethrough	""			(798, 130)	(33, 35)
toggle-button	Superscript	""			(839, 130)	(33, 35)
toggle-button	Subscript	""			(872, 130)	(33, 35)
push-button	Clear	""			(913, 130)	(33, 35)
push-button	Font Color	""			(954, 130)	(44, 35)
push-button	Character Highlighting Color	""			(998, 130)	(44, 35)
toggle-button	Left	""			(1050, 130)	(33, 35)
toggle-button	Center	""			(1083, 130)	(33, 35)
toggle-button	Right	""			(1116, 130)	(33, 35)
toggle-button	Justified	""			(1149, 130)	(33, 35)
push-button	Unordered List	""			(1190, 130)	(44, 35)
push-button	Ordered List	""			(1234, 130)	(44, 35)
push-button	No List	""			(1278, 130)	(33, 35)
push-button	Increase	""			(1319, 130)	(33, 35)
push-button	Decrease	""			(1352, 130)	(33, 35)
push-button	Line Spacing	""			(1393, 130)	(44, 35)
push-button	Increase	""			(1437, 130)	(33, 35)
push-button	Decrease	""			(1470, 130)	(33, 35)
label		Page 1 of 1			(105, 966)	(258, 18)
label		71 words, 424 characters			(369, 966)	(342, 18)
label		Default Page Style			(717, 966)	(306, 18)
label		English (USA)			(1029, 966)	(276, 18)
label		173%			(1876, 966)	(38, 18)
label	Outline level:	Outline level:			(594, 315)	(110, 34)
label	Outline	Outline			(582, 292)	(55, 17)
label	List style:	List style:			(594, 378)	(110, 34)
spin-button		0			(710, 446)	(120, 34)
label	Apply List Style	Apply List Style			(582, 355)	(113, 17)
check-box	Include this paragraph in line numbering	""			(594, 509)	(294, 22)
check-box	Restart at this paragraph	""			(594, 537)	(196, 22)
spin-button		1			(710, 565)	(128, 34)
label	Line Numbering	Line Numbering			(582, 486)	(113, 17)
check-box	Left border line	""			(5, 5)	(19, 123)
check-box	Right border line	""			(109, 5)	(19, 123)
check-box	Top border line	""			(5, 5)	(123, 19)
check-box	Bottom border line	""			(5, 109)	(123, 19)
push-button	Reset	""			(1150, 805)	(86, 34)
push-button	Help	""			(575, 805)	(86, 34)
push-button	Cancel	""			(1240, 805)	(86, 34)
push-button	OK	""			(1330, 805)	(86, 34)
Generating content with GPT model: o4-mini
RESPONSE: Reflection: The dialog is still on the “Outline & List” tab. To set left- and right-aligned tab stops, I first need to switch to the “Tabs” page by clicking its tab header.

```python
import pyautogui, time

# Click the "Tabs" tab in the Paragraph dialog
pyautogui.click(x=746, y=248)
time.sleep(0.5)
```
LINEAR AT: tag	name	text	class	description	position (top-left x&y)	size (w&h)
label	Home	Home			(1833, 939)	(40, 17)
label	04 CHIN9505 EBook Purchasing info 2021 Jan.​docx	04 CHIN9505 EBook Purchasing info 2021 Jan.​docx			(1793, 819)	(120, 34)
menu	LibreOffice Writer	""			(99, 0)	(180, 27)
menu	System	""			(1814, 0)	(106, 27)
push-button	Chromium Web Browser	""			(0, 33)	(70, 64)
push-button	Thunderbird Mail	""			(0, 101)	(70, 64)
push-button	Visual Studio Code	""			(0, 169)	(70, 64)
push-button	VLC media player	""			(0, 237)	(70, 64)
push-button	LibreOffice Writer	""			(0, 305)	(70, 64)
push-button	LibreOffice Calc	""			(0, 373)	(70, 64)
push-button	LibreOffice Impress	""			(0, 441)	(70, 64)
push-button	GNU Image Manipulation Program	""			(0, 509)	(70, 64)
push-button	Files	""			(0, 577)	(70, 64)
push-button	Ubuntu Software	""			(0, 645)	(70, 64)
push-button	Help	""			(0, 713)	(70, 64)
push-button	Trash	""			(0, 784)	(70, 64)
toggle-button	Show Applications	""			(0, 915)	(70, 70)
menu	File	""			(70, 64)	(40, 25)
menu	Edit	""			(110, 64)	(43, 25)
menu	View	""			(153, 64)	(49, 25)
menu	Insert	""			(202, 64)	(55, 25)
menu	Format	""			(257, 64)	(66, 25)
menu	Styles	""			(323, 64)	(56, 25)
menu	Table	""			(379, 64)	(53, 25)
menu	Form	""			(432, 64)	(52, 25)
menu	Tools	""			(484, 64)	(52, 25)
menu	Window	""			(536, 64)	(70, 25)
menu	Help	""			(606, 64)	(47, 25)
menu	File	File			(70, 89)	(40, 21)
menu	Edit	Edit			(110, 89)	(43, 21)
menu	View	View			(153, 89)	(50, 21)
menu	Insert	Insert			(203, 89)	(56, 21)
menu	Format	Format			(259, 89)	(66, 21)
menu	Styles	Styles			(325, 89)	(56, 21)
menu	Table	Table			(381, 89)	(53, 21)
menu	Form	Form			(434, 89)	(52, 21)
menu	Tools	Tools			(486, 89)	(53, 21)
menu	Window	Window			(539, 89)	(73, 21)
menu	Help	Help			(612, 89)	(48, 21)
document-text	04 CHIN9505 EBook Purchasing info 2021 Jan - LibreOffice Document	""			(70, 271)	(1792, 693)
paragraph		Please find the E-book purchase option for your reference:  			(260, 470)	(1412, 33)
paragraph		How to use BLCUP eBook for PC 			(260, 503)	(1412, 64)
paragraph		Make payment for this eBook online. 			(260, 567)	(1412, 65)
paragraph		Enter User center (Your BLCUP ID. 			(260, 632)	(1412, 64)
paragraph		Download and install Windows eBook Reader (flipviewer) on your PC.			(260, 696)	(1412, 65)
paragraph		Enter User center (Your BLCUP ID.			(260, 761)	(1412, 65)
paragraph		Download eBook and input Subscription ID online to open the OPZ file.			(260, 826)	(1412, 64)
paragraph		Support Contact: service blcup.com			(260, 890)	(1412, 65)
paragraph		This product is protected by copyright. 			(260, 955)	(1412, 9)
scroll-bar	Vertical scroll bar	""			(1862, 247)	(12, 717)
toggle-button	Menu	""			(1874, 171)	(36, 34)
text		Help us make LibreOffice even better!			(111, 178)	(1611, 26)
push-button	Get involved	""			(1728, 170)	(117, 34)
text		Your donations support our worldwide community.			(111, 218)	(1645, 26)
push-button	Donate	""			(1762, 210)	(83, 34)
push-button	New	""			(74, 91)	(44, 35)
push-button	Open	""			(118, 91)	(44, 35)
push-button	Save	""			(162, 91)	(44, 35)
push-button	Export Directly as PDF	""			(214, 91)	(33, 35)
push-button	Print	""			(247, 91)	(33, 35)
toggle-button	Print Preview	""			(280, 91)	(33, 35)
push-button	Clone	""			(439, 91)	(33, 35)
toggle-button	Find and Replace	""			(576, 91)	(33, 35)
push-button	Spelling	""			(609, 91)	(33, 35)
toggle-button	Formatting Marks	""			(642, 91)	(33, 35)
push-button	Table	""			(683, 91)	(44, 35)
push-button	Image	""			(727, 91)	(33, 35)
push-button	Chart	""			(760, 91)	(33, 35)
push-button	Text Box	""			(793, 91)	(33, 35)
push-button	Page Break	""			(834, 91)	(33, 35)
push-button	Field	""			(867, 91)	(44, 35)
push-button	Symbol	""			(911, 91)	(44, 35)
toggle-button	Hyperlink	""			(963, 91)	(33, 35)
push-button	Footnote	""			(996, 91)	(33, 35)
push-button	Endnote	""			(1029, 91)	(33, 35)
push-button	Bookmark	""			(1062, 91)	(33, 35)
push-button	Cross-reference	""			(1095, 91)	(33, 35)
push-button	Comment	""			(1136, 91)	(33, 35)
toggle-button	Track Changes Functions	""			(1169, 91)	(33, 35)
push-button	Line	""			(1210, 91)	(33, 35)
push-button	Basic Shapes	""			(1243, 91)	(44, 35)
toggle-button	Draw Functions	""			(1287, 91)	(33, 35)
text		Normal (Web)			(74, 130)	(166, 34)
push-button	Update	""			(276, 130)	(33, 35)
push-button	New	""			(309, 130)	(33, 35)
text		Calibri			(350, 130)	(185, 34)
text		12 pt			(579, 130)	(65, 34)
toggle-button	Bold	""			(688, 130)	(33, 35)
toggle-button	Italic	""			(721, 130)	(33, 35)
push-button	Underline	""			(754, 130)	(44, 35)
toggle-button	Strikethrough	""			(798, 130)	(33, 35)
toggle-button	Superscript	""			(839, 130)	(33, 35)
toggle-button	Subscript	""			(872, 130)	(33, 35)
push-button	Clear	""			(913, 130)	(33, 35)
push-button	Font Color	""			(954, 130)	(44, 35)
push-button	Character Highlighting Color	""			(998, 130)	(44, 35)
toggle-button	Left	""			(1050, 130)	(33, 35)
toggle-button	Center	""			(1083, 130)	(33, 35)
toggle-button	Right	""			(1116, 130)	(33, 35)
toggle-button	Justified	""			(1149, 130)	(33, 35)
push-button	Unordered List	""			(1190, 130)	(44, 35)
push-button	Ordered List	""			(1234, 130)	(44, 35)
push-button	No List	""			(1278, 130)	(33, 35)
push-button	Increase	""			(1319, 130)	(33, 35)
push-button	Decrease	""			(1352, 130)	(33, 35)
push-button	Line Spacing	""			(1393, 130)	(44, 35)
push-button	Increase	""			(1437, 130)	(33, 35)
push-button	Decrease	""			(1470, 130)	(33, 35)
label		Page 1 of 1			(105, 966)	(258, 18)
label		71 words, 424 characters			(369, 966)	(342, 18)
label		Default Page Style			(717, 966)	(306, 18)
label		English (USA)			(1029, 966)	(276, 18)
label		173%			(1876, 966)	(38, 18)
label	Outline level:	Outline level:			(594, 315)	(110, 34)
label	Outline	Outline			(582, 292)	(55, 17)
label	List style:	List style:			(594, 378)	(110, 34)
spin-button		0			(710, 446)	(120, 34)
label	Apply List Style	Apply List Style			(582, 355)	(113, 17)
check-box	Include this paragraph in line numbering	""			(594, 509)	(294, 22)
check-box	Restart at this paragraph	""			(594, 537)	(196, 22)
spin-button		1			(710, 565)	(128, 34)
label	Line Numbering	Line Numbering			(582, 486)	(113, 17)
check-box	Left border line	""			(5, 5)	(19, 123)
check-box	Right border line	""			(109, 5)	(19, 123)
check-box	Top border line	""			(5, 5)	(123, 19)
check-box	Bottom border line	""			(5, 109)	(123, 19)
push-button	Reset	""			(1150, 805)	(86, 34)
push-button	Help	""			(575, 805)	(86, 34)
push-button	Cancel	""			(1240, 805)	(86, 34)
push-button	OK	""			(1330, 805)	(86, 34)
Generating content with GPT model: o4-mini
RESPONSE: Reflection: To define left and right tab stops, I need to switch from the “Outline & List” page to the “Tabs” page in the Paragraph dialog.

```python
import pyautogui, time

# Click the "Tabs" tab in the Paragraph dialog
pyautogui.click(x=750, y=255)
time.sleep(0.5)
```
LINEAR AT: tag	name	text	class	description	position (top-left x&y)	size (w&h)
label	Home	Home			(1833, 939)	(40, 17)
label	04 CHIN9505 EBook Purchasing info 2021 Jan.​docx	04 CHIN9505 EBook Purchasing info 2021 Jan.​docx			(1793, 819)	(120, 34)
menu	LibreOffice Writer	""			(99, 0)	(180, 27)
menu	System	""			(1814, 0)	(106, 27)
push-button	Chromium Web Browser	""			(0, 33)	(70, 64)
push-button	Thunderbird Mail	""			(0, 101)	(70, 64)
push-button	Visual Studio Code	""			(0, 169)	(70, 64)
push-button	VLC media player	""			(0, 237)	(70, 64)
push-button	LibreOffice Writer	""			(0, 305)	(70, 64)
push-button	LibreOffice Calc	""			(0, 373)	(70, 64)
push-button	LibreOffice Impress	""			(0, 441)	(70, 64)
push-button	GNU Image Manipulation Program	""			(0, 509)	(70, 64)
push-button	Files	""			(0, 577)	(70, 64)
push-button	Ubuntu Software	""			(0, 645)	(70, 64)
push-button	Help	""			(0, 713)	(70, 64)
push-button	Trash	""			(0, 784)	(70, 64)
toggle-button	Show Applications	""			(0, 915)	(70, 70)
menu	File	""			(70, 64)	(40, 25)
menu	Edit	""			(110, 64)	(43, 25)
menu	View	""			(153, 64)	(49, 25)
menu	Insert	""			(202, 64)	(55, 25)
menu	Format	""			(257, 64)	(66, 25)
menu	Styles	""			(323, 64)	(56, 25)
menu	Table	""			(379, 64)	(53, 25)
menu	Form	""			(432, 64)	(52, 25)
menu	Tools	""			(484, 64)	(52, 25)
menu	Window	""			(536, 64)	(70, 25)
menu	Help	""			(606, 64)	(47, 25)
menu	File	File			(70, 89)	(40, 21)
menu	Edit	Edit			(110, 89)	(43, 21)
menu	View	View			(153, 89)	(50, 21)
menu	Insert	Insert			(203, 89)	(56, 21)
menu	Format	Format			(259, 89)	(66, 21)
menu	Styles	Styles			(325, 89)	(56, 21)
menu	Table	Table			(381, 89)	(53, 21)
menu	Form	Form			(434, 89)	(52, 21)
menu	Tools	Tools			(486, 89)	(53, 21)
menu	Window	Window			(539, 89)	(73, 21)
menu	Help	Help			(612, 89)	(48, 21)
document-text	04 CHIN9505 EBook Purchasing info 2021 Jan - LibreOffice Document	""			(70, 271)	(1792, 693)
paragraph		Please find the E-book purchase option for your reference:  			(260, 470)	(1412, 33)
paragraph		How to use BLCUP eBook for PC 			(260, 503)	(1412, 64)
paragraph		Make payment for this eBook online. 			(260, 567)	(1412, 65)
paragraph		Enter User center (Your BLCUP ID. 			(260, 632)	(1412, 64)
paragraph		Download and install Windows eBook Reader (flipviewer) on your PC.			(260, 696)	(1412, 65)
paragraph		Enter User center (Your BLCUP ID.			(260, 761)	(1412, 65)
paragraph		Download eBook and input Subscription ID online to open the OPZ file.			(260, 826)	(1412, 64)
paragraph		Support Contact: service blcup.com			(260, 890)	(1412, 65)
paragraph		This product is protected by copyright. 			(260, 955)	(1412, 9)
scroll-bar	Vertical scroll bar	""			(1862, 247)	(12, 717)
toggle-button	Menu	""			(1874, 171)	(36, 34)
text		Help us make LibreOffice even better!			(111, 178)	(1611, 26)
push-button	Get involved	""			(1728, 170)	(117, 34)
text		Your donations support our worldwide community.			(111, 218)	(1645, 26)
push-button	Donate	""			(1762, 210)	(83, 34)
push-button	New	""			(74, 91)	(44, 35)
push-button	Open	""			(118, 91)	(44, 35)
push-button	Save	""			(162, 91)	(44, 35)
push-button	Export Directly as PDF	""			(214, 91)	(33, 35)
push-button	Print	""			(247, 91)	(33, 35)
toggle-button	Print Preview	""			(280, 91)	(33, 35)
push-button	Clone	""			(439, 91)	(33, 35)
toggle-button	Find and Replace	""			(576, 91)	(33, 35)
push-button	Spelling	""			(609, 91)	(33, 35)
toggle-button	Formatting Marks	""			(642, 91)	(33, 35)
push-button	Table	""			(683, 91)	(44, 35)
push-button	Image	""			(727, 91)	(33, 35)
push-button	Chart	""			(760, 91)	(33, 35)
push-button	Text Box	""			(793, 91)	(33, 35)
push-button	Page Break	""			(834, 91)	(33, 35)
push-button	Field	""			(867, 91)	(44, 35)
push-button	Symbol	""			(911, 91)	(44, 35)
toggle-button	Hyperlink	""			(963, 91)	(33, 35)
push-button	Footnote	""			(996, 91)	(33, 35)
push-button	Endnote	""			(1029, 91)	(33, 35)
push-button	Bookmark	""			(1062, 91)	(33, 35)
push-button	Cross-reference	""			(1095, 91)	(33, 35)
push-button	Comment	""			(1136, 91)	(33, 35)
toggle-button	Track Changes Functions	""			(1169, 91)	(33, 35)
push-button	Line	""			(1210, 91)	(33, 35)
push-button	Basic Shapes	""			(1243, 91)	(44, 35)
toggle-button	Draw Functions	""			(1287, 91)	(33, 35)
text		Normal (Web)			(74, 130)	(166, 34)
push-button	Update	""			(276, 130)	(33, 35)
push-button	New	""			(309, 130)	(33, 35)
text		Calibri			(350, 130)	(185, 34)
text		12 pt			(579, 130)	(65, 34)
toggle-button	Bold	""			(688, 130)	(33, 35)
toggle-button	Italic	""			(721, 130)	(33, 35)
push-button	Underline	""			(754, 130)	(44, 35)
toggle-button	Strikethrough	""			(798, 130)	(33, 35)
toggle-button	Superscript	""			(839, 130)	(33, 35)
toggle-button	Subscript	""			(872, 130)	(33, 35)
push-button	Clear	""			(913, 130)	(33, 35)
push-button	Font Color	""			(954, 130)	(44, 35)
push-button	Character Highlighting Color	""			(998, 130)	(44, 35)
toggle-button	Left	""			(1050, 130)	(33, 35)
toggle-button	Center	""			(1083, 130)	(33, 35)
toggle-button	Right	""			(1116, 130)	(33, 35)
toggle-button	Justified	""			(1149, 130)	(33, 35)
push-button	Unordered List	""			(1190, 130)	(44, 35)
push-button	Ordered List	""			(1234, 130)	(44, 35)
push-button	No List	""			(1278, 130)	(33, 35)
push-button	Increase	""			(1319, 130)	(33, 35)
push-button	Decrease	""			(1352, 130)	(33, 35)
push-button	Line Spacing	""			(1393, 130)	(44, 35)
push-button	Increase	""			(1437, 130)	(33, 35)
push-button	Decrease	""			(1470, 130)	(33, 35)
label		Page 1 of 1			(105, 966)	(258, 18)
label		71 words, 424 characters			(369, 966)	(342, 18)
label		Default Page Style			(717, 966)	(306, 18)
label		English (USA)			(1029, 966)	(276, 18)
label		173%			(1876, 966)	(38, 18)
label	Outline level:	Outline level:			(594, 315)	(110, 34)
label	Outline	Outline			(582, 292)	(55, 17)
label	List style:	List style:			(594, 378)	(110, 34)
spin-button		0			(710, 446)	(120, 34)
label	Apply List Style	Apply List Style			(582, 355)	(113, 17)
check-box	Include this paragraph in line numbering	""			(594, 509)	(294, 22)
check-box	Restart at this paragraph	""			(594, 537)	(196, 22)
spin-button		1			(710, 565)	(128, 34)
label	Line Numbering	Line Numbering			(582, 486)	(113, 17)
check-box	Left border line	""			(5, 5)	(19, 123)
check-box	Right border line	""			(109, 5)	(19, 123)
check-box	Top border line	""			(5, 5)	(123, 19)
check-box	Bottom border line	""			(5, 109)	(123, 19)
push-button	Reset	""			(1150, 805)	(86, 34)
push-button	Help	""			(575, 805)	(86, 34)
push-button	Cancel	""			(1240, 805)	(86, 34)
push-button	OK	""			(1330, 805)	(86, 34)
Generating content with GPT model: o4-mini
RESPONSE: Reflection: The Paragraph dialog is still showing the “Outline & List” pane. To set tab stops for left- and right-aligned text, I need to switch to the “Tabs” pane first.

```python
import pyautogui, time

# Click the "Tabs" tab in the Paragraph dialog
pyautogui.click(x=700, y=250)
time.sleep(0.5)
```
LINEAR AT: tag	name	text	class	description	position (top-left x&y)	size (w&h)
label	Home	Home			(1833, 939)	(40, 17)
label	04 CHIN9505 EBook Purchasing info 2021 Jan.​docx	04 CHIN9505 EBook Purchasing info 2021 Jan.​docx			(1793, 819)	(120, 34)
menu	LibreOffice Writer	""			(99, 0)	(180, 27)
menu	System	""			(1814, 0)	(106, 27)
push-button	Chromium Web Browser	""			(0, 33)	(70, 64)
push-button	Thunderbird Mail	""			(0, 101)	(70, 64)
push-button	Visual Studio Code	""			(0, 169)	(70, 64)
push-button	VLC media player	""			(0, 237)	(70, 64)
push-button	LibreOffice Writer	""			(0, 305)	(70, 64)
push-button	LibreOffice Calc	""			(0, 373)	(70, 64)
push-button	LibreOffice Impress	""			(0, 441)	(70, 64)
push-button	GNU Image Manipulation Program	""			(0, 509)	(70, 64)
push-button	Files	""			(0, 577)	(70, 64)
push-button	Ubuntu Software	""			(0, 645)	(70, 64)
push-button	Help	""			(0, 713)	(70, 64)
push-button	Trash	""			(0, 784)	(70, 64)
toggle-button	Show Applications	""			(0, 915)	(70, 70)
menu	File	""			(70, 64)	(40, 25)
menu	Edit	""			(110, 64)	(43, 25)
menu	View	""			(153, 64)	(49, 25)
menu	Insert	""			(202, 64)	(55, 25)
menu	Format	""			(257, 64)	(66, 25)
menu	Styles	""			(323, 64)	(56, 25)
menu	Table	""			(379, 64)	(53, 25)
menu	Form	""			(432, 64)	(52, 25)
menu	Tools	""			(484, 64)	(52, 25)
menu	Window	""			(536, 64)	(70, 25)
menu	Help	""			(606, 64)	(47, 25)
menu	File	File			(70, 89)	(40, 21)
menu	Edit	Edit			(110, 89)	(43, 21)
menu	View	View			(153, 89)	(50, 21)
menu	Insert	Insert			(203, 89)	(56, 21)
menu	Format	Format			(259, 89)	(66, 21)
menu	Styles	Styles			(325, 89)	(56, 21)
menu	Table	Table			(381, 89)	(53, 21)
menu	Form	Form			(434, 89)	(52, 21)
menu	Tools	Tools			(486, 89)	(53, 21)
menu	Window	Window			(539, 89)	(73, 21)
menu	Help	Help			(612, 89)	(48, 21)
document-text	04 CHIN9505 EBook Purchasing info 2021 Jan - LibreOffice Document	""			(70, 271)	(1792, 693)
paragraph		Please find the E-book purchase option for your reference:  			(260, 470)	(1412, 33)
paragraph		How to use BLCUP eBook for PC 			(260, 503)	(1412, 64)
paragraph		Make payment for this eBook online. 			(260, 567)	(1412, 65)
paragraph		Enter User center (Your BLCUP ID. 			(260, 632)	(1412, 64)
paragraph		Download and install Windows eBook Reader (flipviewer) on your PC.			(260, 696)	(1412, 65)
paragraph		Enter User center (Your BLCUP ID.			(260, 761)	(1412, 65)
paragraph		Download eBook and input Subscription ID online to open the OPZ file.			(260, 826)	(1412, 64)
paragraph		Support Contact: service blcup.com			(260, 890)	(1412, 65)
paragraph		This product is protected by copyright. 			(260, 955)	(1412, 9)
scroll-bar	Vertical scroll bar	""			(1862, 247)	(12, 717)
toggle-button	Menu	""			(1874, 171)	(36, 34)
text		Help us make LibreOffice even better!			(111, 178)	(1611, 26)
push-button	Get involved	""			(1728, 170)	(117, 34)
text		Your donations support our worldwide community.			(111, 218)	(1645, 26)
push-button	Donate	""			(1762, 210)	(83, 34)
push-button	New	""			(74, 91)	(44, 35)
push-button	Open	""			(118, 91)	(44, 35)
push-button	Save	""			(162, 91)	(44, 35)
push-button	Export Directly as PDF	""			(214, 91)	(33, 35)
push-button	Print	""			(247, 91)	(33, 35)
toggle-button	Print Preview	""			(280, 91)	(33, 35)
push-button	Clone	""			(439, 91)	(33, 35)
toggle-button	Find and Replace	""			(576, 91)	(33, 35)
push-button	Spelling	""			(609, 91)	(33, 35)
toggle-button	Formatting Marks	""			(642, 91)	(33, 35)
push-button	Table	""			(683, 91)	(44, 35)
push-button	Image	""			(727, 91)	(33, 35)
push-button	Chart	""			(760, 91)	(33, 35)
push-button	Text Box	""			(793, 91)	(33, 35)
push-button	Page Break	""			(834, 91)	(33, 35)
push-button	Field	""			(867, 91)	(44, 35)
push-button	Symbol	""			(911, 91)	(44, 35)
toggle-button	Hyperlink	""			(963, 91)	(33, 35)
push-button	Footnote	""			(996, 91)	(33, 35)
push-button	Endnote	""			(1029, 91)	(33, 35)
push-button	Bookmark	""			(1062, 91)	(33, 35)
push-button	Cross-reference	""			(1095, 91)	(33, 35)
push-button	Comment	""			(1136, 91)	(33, 35)
toggle-button	Track Changes Functions	""			(1169, 91)	(33, 35)
push-button	Line	""			(1210, 91)	(33, 35)
push-button	Basic Shapes	""			(1243, 91)	(44, 35)
toggle-button	Draw Functions	""			(1287, 91)	(33, 35)
text		Normal (Web)			(74, 130)	(166, 34)
push-button	Update	""			(276, 130)	(33, 35)
push-button	New	""			(309, 130)	(33, 35)
text		Calibri			(350, 130)	(185, 34)
text		12 pt			(579, 130)	(65, 34)
toggle-button	Bold	""			(688, 130)	(33, 35)
toggle-button	Italic	""			(721, 130)	(33, 35)
push-button	Underline	""			(754, 130)	(44, 35)
toggle-button	Strikethrough	""			(798, 130)	(33, 35)
toggle-button	Superscript	""			(839, 130)	(33, 35)
toggle-button	Subscript	""			(872, 130)	(33, 35)
push-button	Clear	""			(913, 130)	(33, 35)
push-button	Font Color	""			(954, 130)	(44, 35)
push-button	Character Highlighting Color	""			(998, 130)	(44, 35)
toggle-button	Left	""			(1050, 130)	(33, 35)
toggle-button	Center	""			(1083, 130)	(33, 35)
toggle-button	Right	""			(1116, 130)	(33, 35)
toggle-button	Justified	""			(1149, 130)	(33, 35)
push-button	Unordered List	""			(1190, 130)	(44, 35)
push-button	Ordered List	""			(1234, 130)	(44, 35)
push-button	No List	""			(1278, 130)	(33, 35)
push-button	Increase	""			(1319, 130)	(33, 35)
push-button	Decrease	""			(1352, 130)	(33, 35)
push-button	Line Spacing	""			(1393, 130)	(44, 35)
push-button	Increase	""			(1437, 130)	(33, 35)
push-button	Decrease	""			(1470, 130)	(33, 35)
label		Page 1 of 1			(105, 966)	(258, 18)
label		71 words, 424 characters			(369, 966)	(342, 18)
label		Default Page Style			(717, 966)	(306, 18)
label		English (USA)			(1029, 966)	(276, 18)
label		173%			(1876, 966)	(38, 18)
label	Outline level:	Outline level:			(594, 315)	(110, 34)
label	Outline	Outline			(582, 292)	(55, 17)
label	List style:	List style:			(594, 378)	(110, 34)
spin-button		0			(710, 446)	(120, 34)
label	Apply List Style	Apply List Style			(582, 355)	(113, 17)
check-box	Include this paragraph in line numbering	""			(594, 509)	(294, 22)
check-box	Restart at this paragraph	""			(594, 537)	(196, 22)
spin-button		1			(710, 565)	(128, 34)
label	Line Numbering	Line Numbering			(582, 486)	(113, 17)
check-box	Left border line	""			(5, 5)	(19, 123)
check-box	Right border line	""			(109, 5)	(19, 123)
check-box	Top border line	""			(5, 5)	(123, 19)
check-box	Bottom border line	""			(5, 109)	(123, 19)
push-button	Reset	""			(1150, 805)	(86, 34)
push-button	Help	""			(575, 805)	(86, 34)
push-button	Cancel	""			(1240, 805)	(86, 34)
push-button	OK	""			(1330, 805)	(86, 34)
Generating content with GPT model: o4-mini
RESPONSE: Reflection: The Paragraph dialog is still on the “Outline & List” pane. To set left- and right-aligned tab stops, I need to switch to the “Tabs” pane first.

```python
import pyautogui, time

# Click the "Tabs" tab in the Paragraph dialog
pyautogui.click(x=740, y=255)
time.sleep(0.5)
```
LINEAR AT: tag	name	text	class	description	position (top-left x&y)	size (w&h)
label	Home	Home			(1833, 939)	(40, 17)
label	04 CHIN9505 EBook Purchasing info 2021 Jan.​docx	04 CHIN9505 EBook Purchasing info 2021 Jan.​docx			(1793, 819)	(120, 34)
menu	LibreOffice Writer	""			(99, 0)	(180, 27)
menu	System	""			(1814, 0)	(106, 27)
push-button	Chromium Web Browser	""			(0, 33)	(70, 64)
push-button	Thunderbird Mail	""			(0, 101)	(70, 64)
push-button	Visual Studio Code	""			(0, 169)	(70, 64)
push-button	VLC media player	""			(0, 237)	(70, 64)
push-button	LibreOffice Writer	""			(0, 305)	(70, 64)
push-button	LibreOffice Calc	""			(0, 373)	(70, 64)
push-button	LibreOffice Impress	""			(0, 441)	(70, 64)
push-button	GNU Image Manipulation Program	""			(0, 509)	(70, 64)
push-button	Files	""			(0, 577)	(70, 64)
push-button	Ubuntu Software	""			(0, 645)	(70, 64)
push-button	Help	""			(0, 713)	(70, 64)
push-button	Trash	""			(0, 784)	(70, 64)
toggle-button	Show Applications	""			(0, 915)	(70, 70)
menu	File	""			(70, 64)	(40, 25)
menu	Edit	""			(110, 64)	(43, 25)
menu	View	""			(153, 64)	(49, 25)
menu	Insert	""			(202, 64)	(55, 25)
menu	Format	""			(257, 64)	(66, 25)
menu	Styles	""			(323, 64)	(56, 25)
menu	Table	""			(379, 64)	(53, 25)
menu	Form	""			(432, 64)	(52, 25)
menu	Tools	""			(484, 64)	(52, 25)
menu	Window	""			(536, 64)	(70, 25)
menu	Help	""			(606, 64)	(47, 25)
menu	File	File			(70, 89)	(40, 21)
menu	Edit	Edit			(110, 89)	(43, 21)
menu	View	View			(153, 89)	(50, 21)
menu	Insert	Insert			(203, 89)	(56, 21)
menu	Format	Format			(259, 89)	(66, 21)
menu	Styles	Styles			(325, 89)	(56, 21)
menu	Table	Table			(381, 89)	(53, 21)
menu	Form	Form			(434, 89)	(52, 21)
menu	Tools	Tools			(486, 89)	(53, 21)
menu	Window	Window			(539, 89)	(73, 21)
menu	Help	Help			(612, 89)	(48, 21)
document-text	04 CHIN9505 EBook Purchasing info 2021 Jan - LibreOffice Document	""			(70, 271)	(1792, 693)
paragraph		Please find the E-book purchase option for your reference:  			(260, 470)	(1412, 33)
paragraph		How to use BLCUP eBook for PC 			(260, 503)	(1412, 64)
paragraph		Make payment for this eBook online. 			(260, 567)	(1412, 65)
paragraph		Enter User center (Your BLCUP ID. 			(260, 632)	(1412, 64)
paragraph		Download and install Windows eBook Reader (flipviewer) on your PC.			(260, 696)	(1412, 65)
paragraph		Enter User center (Your BLCUP ID.			(260, 761)	(1412, 65)
paragraph		Download eBook and input Subscription ID online to open the OPZ file.			(260, 826)	(1412, 64)
paragraph		Support Contact: service blcup.com			(260, 890)	(1412, 65)
paragraph		This product is protected by copyright. 			(260, 955)	(1412, 9)
scroll-bar	Vertical scroll bar	""			(1862, 247)	(12, 717)
toggle-button	Menu	""			(1874, 171)	(36, 34)
text		Help us make LibreOffice even better!			(111, 178)	(1611, 26)
push-button	Get involved	""			(1728, 170)	(117, 34)
text		Your donations support our worldwide community.			(111, 218)	(1645, 26)
push-button	Donate	""			(1762, 210)	(83, 34)
push-button	New	""			(74, 91)	(44, 35)
push-button	Open	""			(118, 91)	(44, 35)
push-button	Save	""			(162, 91)	(44, 35)
push-button	Export Directly as PDF	""			(214, 91)	(33, 35)
push-button	Print	""			(247, 91)	(33, 35)
toggle-button	Print Preview	""			(280, 91)	(33, 35)
push-button	Clone	""			(439, 91)	(33, 35)
toggle-button	Find and Replace	""			(576, 91)	(33, 35)
push-button	Spelling	""			(609, 91)	(33, 35)
toggle-button	Formatting Marks	""			(642, 91)	(33, 35)
push-button	Table	""			(683, 91)	(44, 35)
push-button	Image	""			(727, 91)	(33, 35)
push-button	Chart	""			(760, 91)	(33, 35)
push-button	Text Box	""			(793, 91)	(33, 35)
push-button	Page Break	""			(834, 91)	(33, 35)
push-button	Field	""			(867, 91)	(44, 35)
push-button	Symbol	""			(911, 91)	(44, 35)
toggle-button	Hyperlink	""			(963, 91)	(33, 35)
push-button	Footnote	""			(996, 91)	(33, 35)
push-button	Endnote	""			(1029, 91)	(33, 35)
push-button	Bookmark	""			(1062, 91)	(33, 35)
push-button	Cross-reference	""			(1095, 91)	(33, 35)
push-button	Comment	""			(1136, 91)	(33, 35)
toggle-button	Track Changes Functions	""			(1169, 91)	(33, 35)
push-button	Line	""			(1210, 91)	(33, 35)
push-button	Basic Shapes	""			(1243, 91)	(44, 35)
toggle-button	Draw Functions	""			(1287, 91)	(33, 35)
text		Normal (Web)			(74, 130)	(166, 34)
push-button	Update	""			(276, 130)	(33, 35)
push-button	New	""			(309, 130)	(33, 35)
text		Calibri			(350, 130)	(185, 34)
text		12 pt			(579, 130)	(65, 34)
toggle-button	Bold	""			(688, 130)	(33, 35)
toggle-button	Italic	""			(721, 130)	(33, 35)
push-button	Underline	""			(754, 130)	(44, 35)
toggle-button	Strikethrough	""			(798, 130)	(33, 35)
toggle-button	Superscript	""			(839, 130)	(33, 35)
toggle-button	Subscript	""			(872, 130)	(33, 35)
push-button	Clear	""			(913, 130)	(33, 35)
push-button	Font Color	""			(954, 130)	(44, 35)
push-button	Character Highlighting Color	""			(998, 130)	(44, 35)
toggle-button	Left	""			(1050, 130)	(33, 35)
toggle-button	Center	""			(1083, 130)	(33, 35)
toggle-button	Right	""			(1116, 130)	(33, 35)
toggle-button	Justified	""			(1149, 130)	(33, 35)
push-button	Unordered List	""			(1190, 130)	(44, 35)
push-button	Ordered List	""			(1234, 130)	(44, 35)
push-button	No List	""			(1278, 130)	(33, 35)
push-button	Increase	""			(1319, 130)	(33, 35)
push-button	Decrease	""			(1352, 130)	(33, 35)
push-button	Line Spacing	""			(1393, 130)	(44, 35)
push-button	Increase	""			(1437, 130)	(33, 35)
push-button	Decrease	""			(1470, 130)	(33, 35)
label		Page 1 of 1			(105, 966)	(258, 18)
label		71 words, 424 characters			(369, 966)	(342, 18)
label		Default Page Style			(717, 966)	(306, 18)
label		English (USA)			(1029, 966)	(276, 18)
label		173%			(1876, 966)	(38, 18)
label	Outline level:	Outline level:			(594, 315)	(110, 34)
label	Outline	Outline			(582, 292)	(55, 17)
label	List style:	List style:			(594, 378)	(110, 34)
spin-button		0			(710, 446)	(120, 34)
label	Apply List Style	Apply List Style			(582, 355)	(113, 17)
check-box	Include this paragraph in line numbering	""			(594, 509)	(294, 22)
check-box	Restart at this paragraph	""			(594, 537)	(196, 22)
spin-button		1			(710, 565)	(128, 34)
label	Line Numbering	Line Numbering			(582, 486)	(113, 17)
check-box	Left border line	""			(5, 5)	(19, 123)
check-box	Right border line	""			(109, 5)	(19, 123)
check-box	Top border line	""			(5, 5)	(123, 19)
check-box	Bottom border line	""			(5, 109)	(123, 19)
push-button	Reset	""			(1150, 805)	(86, 34)
push-button	Help	""			(575, 805)	(86, 34)
push-button	Cancel	""			(1240, 805)	(86, 34)
push-button	OK	""			(1330, 805)	(86, 34)
Generating content with GPT model: o4-mini
RESPONSE: Reflection: To set up tab stops for left- and right-aligned text, we first need to switch from the “Outline & List” pane to the “Tabs” pane in the Paragraph dialog.

```python
import pyautogui, time

# Click on the "Tabs" tab in the Paragraph dialog
pyautogui.click(x=720, y=255)
time.sleep(0.5)
```
LINEAR AT: tag	name	text	class	description	position (top-left x&y)	size (w&h)
label	Home	Home			(1833, 939)	(40, 17)
label	04 CHIN9505 EBook Purchasing info 2021 Jan.​docx	04 CHIN9505 EBook Purchasing info 2021 Jan.​docx			(1793, 819)	(120, 34)
menu	LibreOffice Writer	""			(99, 0)	(180, 27)
menu	System	""			(1814, 0)	(106, 27)
push-button	Chromium Web Browser	""			(0, 33)	(70, 64)
push-button	Thunderbird Mail	""			(0, 101)	(70, 64)
push-button	Visual Studio Code	""			(0, 169)	(70, 64)
push-button	VLC media player	""			(0, 237)	(70, 64)
push-button	LibreOffice Writer	""			(0, 305)	(70, 64)
push-button	LibreOffice Calc	""			(0, 373)	(70, 64)
push-button	LibreOffice Impress	""			(0, 441)	(70, 64)
push-button	GNU Image Manipulation Program	""			(0, 509)	(70, 64)
push-button	Files	""			(0, 577)	(70, 64)
push-button	Ubuntu Software	""			(0, 645)	(70, 64)
push-button	Help	""			(0, 713)	(70, 64)
push-button	Trash	""			(0, 784)	(70, 64)
toggle-button	Show Applications	""			(0, 915)	(70, 70)
menu	File	""			(70, 64)	(40, 25)
menu	Edit	""			(110, 64)	(43, 25)
menu	View	""			(153, 64)	(49, 25)
menu	Insert	""			(202, 64)	(55, 25)
menu	Format	""			(257, 64)	(66, 25)
menu	Styles	""			(323, 64)	(56, 25)
menu	Table	""			(379, 64)	(53, 25)
menu	Form	""			(432, 64)	(52, 25)
menu	Tools	""			(484, 64)	(52, 25)
menu	Window	""			(536, 64)	(70, 25)
menu	Help	""			(606, 64)	(47, 25)
menu	File	File			(70, 89)	(40, 21)
menu	Edit	Edit			(110, 89)	(43, 21)
menu	View	View			(153, 89)	(50, 21)
menu	Insert	Insert			(203, 89)	(56, 21)
menu	Format	Format			(259, 89)	(66, 21)
menu	Styles	Styles			(325, 89)	(56, 21)
menu	Table	Table			(381, 89)	(53, 21)
menu	Form	Form			(434, 89)	(52, 21)
menu	Tools	Tools			(486, 89)	(53, 21)
menu	Window	Window			(539, 89)	(73, 21)
menu	Help	Help			(612, 89)	(48, 21)
document-text	04 CHIN9505 EBook Purchasing info 2021 Jan - LibreOffice Document	""			(70, 271)	(1792, 693)
paragraph		Please find the E-book purchase option for your reference:  			(260, 470)	(1412, 33)
paragraph		How to use BLCUP eBook for PC 			(260, 503)	(1412, 64)
paragraph		Make payment for this eBook online. 			(260, 567)	(1412, 65)
paragraph		Enter User center (Your BLCUP ID. 			(260, 632)	(1412, 64)
paragraph		Download and install Windows eBook Reader (flipviewer) on your PC.			(260, 696)	(1412, 65)
paragraph		Enter User center (Your BLCUP ID.			(260, 761)	(1412, 65)
paragraph		Download eBook and input Subscription ID online to open the OPZ file.			(260, 826)	(1412, 64)
paragraph		Support Contact: service blcup.com			(260, 890)	(1412, 65)
paragraph		This product is protected by copyright. 			(260, 955)	(1412, 9)
scroll-bar	Vertical scroll bar	""			(1862, 247)	(12, 717)
toggle-button	Menu	""			(1874, 171)	(36, 34)
text		Help us make LibreOffice even better!			(111, 178)	(1611, 26)
push-button	Get involved	""			(1728, 170)	(117, 34)
text		Your donations support our worldwide community.			(111, 218)	(1645, 26)
push-button	Donate	""			(1762, 210)	(83, 34)
push-button	New	""			(74, 91)	(44, 35)
push-button	Open	""			(118, 91)	(44, 35)
push-button	Save	""			(162, 91)	(44, 35)
push-button	Export Directly as PDF	""			(214, 91)	(33, 35)
push-button	Print	""			(247, 91)	(33, 35)
toggle-button	Print Preview	""			(280, 91)	(33, 35)
push-button	Clone	""			(439, 91)	(33, 35)
toggle-button	Find and Replace	""			(576, 91)	(33, 35)
push-button	Spelling	""			(609, 91)	(33, 35)
toggle-button	Formatting Marks	""			(642, 91)	(33, 35)
push-button	Table	""			(683, 91)	(44, 35)
push-button	Image	""			(727, 91)	(33, 35)
push-button	Chart	""			(760, 91)	(33, 35)
push-button	Text Box	""			(793, 91)	(33, 35)
push-button	Page Break	""			(834, 91)	(33, 35)
push-button	Field	""			(867, 91)	(44, 35)
push-button	Symbol	""			(911, 91)	(44, 35)
toggle-button	Hyperlink	""			(963, 91)	(33, 35)
push-button	Footnote	""			(996, 91)	(33, 35)
push-button	Endnote	""			(1029, 91)	(33, 35)
push-button	Bookmark	""			(1062, 91)	(33, 35)
push-button	Cross-reference	""			(1095, 91)	(33, 35)
push-button	Comment	""			(1136, 91)	(33, 35)
toggle-button	Track Changes Functions	""			(1169, 91)	(33, 35)
push-button	Line	""			(1210, 91)	(33, 35)
push-button	Basic Shapes	""			(1243, 91)	(44, 35)
toggle-button	Draw Functions	""			(1287, 91)	(33, 35)
text		Normal (Web)			(74, 130)	(166, 34)
push-button	Update	""			(276, 130)	(33, 35)
push-button	New	""			(309, 130)	(33, 35)
text		Calibri			(350, 130)	(185, 34)
text		12 pt			(579, 130)	(65, 34)
toggle-button	Bold	""			(688, 130)	(33, 35)
toggle-button	Italic	""			(721, 130)	(33, 35)
push-button	Underline	""			(754, 130)	(44, 35)
toggle-button	Strikethrough	""			(798, 130)	(33, 35)
toggle-button	Superscript	""			(839, 130)	(33, 35)
toggle-button	Subscript	""			(872, 130)	(33, 35)
push-button	Clear	""			(913, 130)	(33, 35)
push-button	Font Color	""			(954, 130)	(44, 35)
push-button	Character Highlighting Color	""			(998, 130)	(44, 35)
toggle-button	Left	""			(1050, 130)	(33, 35)
toggle-button	Center	""			(1083, 130)	(33, 35)
toggle-button	Right	""			(1116, 130)	(33, 35)
toggle-button	Justified	""			(1149, 130)	(33, 35)
push-button	Unordered List	""			(1190, 130)	(44, 35)
push-button	Ordered List	""			(1234, 130)	(44, 35)
push-button	No List	""			(1278, 130)	(33, 35)
push-button	Increase	""			(1319, 130)	(33, 35)
push-button	Decrease	""			(1352, 130)	(33, 35)
push-button	Line Spacing	""			(1393, 130)	(44, 35)
push-button	Increase	""			(1437, 130)	(33, 35)
push-button	Decrease	""			(1470, 130)	(33, 35)
label		Page 1 of 1			(105, 966)	(258, 18)
label		71 words, 424 characters			(369, 966)	(342, 18)
label		Default Page Style			(717, 966)	(306, 18)
label		English (USA)			(1029, 966)	(276, 18)
label		173%			(1876, 966)	(38, 18)
label	Outline level:	Outline level:			(594, 315)	(110, 34)
label	Outline	Outline			(582, 292)	(55, 17)
label	List style:	List style:			(594, 378)	(110, 34)
spin-button		0			(710, 446)	(120, 34)
label	Apply List Style	Apply List Style			(582, 355)	(113, 17)
check-box	Include this paragraph in line numbering	""			(594, 509)	(294, 22)
check-box	Restart at this paragraph	""			(594, 537)	(196, 22)
spin-button		1			(710, 565)	(128, 34)
label	Line Numbering	Line Numbering			(582, 486)	(113, 17)
check-box	Left border line	""			(5, 5)	(19, 123)
check-box	Right border line	""			(109, 5)	(19, 123)
check-box	Top border line	""			(5, 5)	(123, 19)
check-box	Bottom border line	""			(5, 109)	(123, 19)
push-button	Reset	""			(1150, 805)	(86, 34)
push-button	Help	""			(575, 805)	(86, 34)
push-button	Cancel	""			(1240, 805)	(86, 34)
push-button	OK	""			(1330, 805)	(86, 34)
Generating content with GPT model: o4-mini
RESPONSE: Reflection: To define left and right tab stops, I need to switch to the “Tabs” pane of the Paragraph dialog.

```python
import pyautogui, time

# Click the "Tabs" tab in the Paragraph dialog
pyautogui.click(x=720, y=255)
time.sleep(0.5)
```
LINEAR AT: tag	name	text	class	description	position (top-left x&y)	size (w&h)
label	Home	Home			(1833, 939)	(40, 17)
label	04 CHIN9505 EBook Purchasing info 2021 Jan.​docx	04 CHIN9505 EBook Purchasing info 2021 Jan.​docx			(1793, 819)	(120, 34)
menu	LibreOffice Writer	""			(99, 0)	(180, 27)
menu	System	""			(1814, 0)	(106, 27)
push-button	Chromium Web Browser	""			(0, 33)	(70, 64)
push-button	Thunderbird Mail	""			(0, 101)	(70, 64)
push-button	Visual Studio Code	""			(0, 169)	(70, 64)
push-button	VLC media player	""			(0, 237)	(70, 64)
push-button	LibreOffice Writer	""			(0, 305)	(70, 64)
push-button	LibreOffice Calc	""			(0, 373)	(70, 64)
push-button	LibreOffice Impress	""			(0, 441)	(70, 64)
push-button	GNU Image Manipulation Program	""			(0, 509)	(70, 64)
push-button	Files	""			(0, 577)	(70, 64)
push-button	Ubuntu Software	""			(0, 645)	(70, 64)
push-button	Help	""			(0, 713)	(70, 64)
push-button	Trash	""			(0, 784)	(70, 64)
toggle-button	Show Applications	""			(0, 915)	(70, 70)
menu	File	""			(70, 64)	(40, 25)
menu	Edit	""			(110, 64)	(43, 25)
menu	View	""			(153, 64)	(49, 25)
menu	Insert	""			(202, 64)	(55, 25)
menu	Format	""			(257, 64)	(66, 25)
menu	Styles	""			(323, 64)	(56, 25)
menu	Table	""			(379, 64)	(53, 25)
menu	Form	""			(432, 64)	(52, 25)
menu	Tools	""			(484, 64)	(52, 25)
menu	Window	""			(536, 64)	(70, 25)
menu	Help	""			(606, 64)	(47, 25)
menu	File	File			(70, 89)	(40, 21)
menu	Edit	Edit			(110, 89)	(43, 21)
menu	View	View			(153, 89)	(50, 21)
menu	Insert	Insert			(203, 89)	(56, 21)
menu	Format	Format			(259, 89)	(66, 21)
menu	Styles	Styles			(325, 89)	(56, 21)
menu	Table	Table			(381, 89)	(53, 21)
menu	Form	Form			(434, 89)	(52, 21)
menu	Tools	Tools			(486, 89)	(53, 21)
menu	Window	Window			(539, 89)	(73, 21)
menu	Help	Help			(612, 89)	(48, 21)
document-text	04 CHIN9505 EBook Purchasing info 2021 Jan - LibreOffice Document	""			(70, 271)	(1792, 693)
paragraph		Please find the E-book purchase option for your reference:  			(260, 470)	(1412, 33)
paragraph		How to use BLCUP eBook for PC 			(260, 503)	(1412, 64)
paragraph		Make payment for this eBook online. 			(260, 567)	(1412, 65)
paragraph		Enter User center (Your BLCUP ID. 			(260, 632)	(1412, 64)
paragraph		Download and install Windows eBook Reader (flipviewer) on your PC.			(260, 696)	(1412, 65)
paragraph		Enter User center (Your BLCUP ID.			(260, 761)	(1412, 65)
paragraph		Download eBook and input Subscription ID online to open the OPZ file.			(260, 826)	(1412, 64)
paragraph		Support Contact: service blcup.com			(260, 890)	(1412, 65)
paragraph		This product is protected by copyright. 			(260, 955)	(1412, 9)
scroll-bar	Vertical scroll bar	""			(1862, 247)	(12, 717)
toggle-button	Menu	""			(1874, 171)	(36, 34)
text		Help us make LibreOffice even better!			(111, 178)	(1611, 26)
push-button	Get involved	""			(1728, 170)	(117, 34)
text		Your donations support our worldwide community.			(111, 218)	(1645, 26)
push-button	Donate	""			(1762, 210)	(83, 34)
push-button	New	""			(74, 91)	(44, 35)
push-button	Open	""			(118, 91)	(44, 35)
push-button	Save	""			(162, 91)	(44, 35)
push-button	Export Directly as PDF	""			(214, 91)	(33, 35)
push-button	Print	""			(247, 91)	(33, 35)
toggle-button	Print Preview	""			(280, 91)	(33, 35)
push-button	Clone	""			(439, 91)	(33, 35)
toggle-button	Find and Replace	""			(576, 91)	(33, 35)
push-button	Spelling	""			(609, 91)	(33, 35)
toggle-button	Formatting Marks	""			(642, 91)	(33, 35)
push-button	Table	""			(683, 91)	(44, 35)
push-button	Image	""			(727, 91)	(33, 35)
push-button	Chart	""			(760, 91)	(33, 35)
push-button	Text Box	""			(793, 91)	(33, 35)
push-button	Page Break	""			(834, 91)	(33, 35)
push-button	Field	""			(867, 91)	(44, 35)
push-button	Symbol	""			(911, 91)	(44, 35)
toggle-button	Hyperlink	""			(963, 91)	(33, 35)
push-button	Footnote	""			(996, 91)	(33, 35)
push-button	Endnote	""			(1029, 91)	(33, 35)
push-button	Bookmark	""			(1062, 91)	(33, 35)
push-button	Cross-reference	""			(1095, 91)	(33, 35)
push-button	Comment	""			(1136, 91)	(33, 35)
toggle-button	Track Changes Functions	""			(1169, 91)	(33, 35)
push-button	Line	""			(1210, 91)	(33, 35)
push-button	Basic Shapes	""			(1243, 91)	(44, 35)
toggle-button	Draw Functions	""			(1287, 91)	(33, 35)
text		Normal (Web)			(74, 130)	(166, 34)
push-button	Update	""			(276, 130)	(33, 35)
push-button	New	""			(309, 130)	(33, 35)
text		Calibri			(350, 130)	(185, 34)
text		12 pt			(579, 130)	(65, 34)
toggle-button	Bold	""			(688, 130)	(33, 35)
toggle-button	Italic	""			(721, 130)	(33, 35)
push-button	Underline	""			(754, 130)	(44, 35)
toggle-button	Strikethrough	""			(798, 130)	(33, 35)
toggle-button	Superscript	""			(839, 130)	(33, 35)
toggle-button	Subscript	""			(872, 130)	(33, 35)
push-button	Clear	""			(913, 130)	(33, 35)
push-button	Font Color	""			(954, 130)	(44, 35)
push-button	Character Highlighting Color	""			(998, 130)	(44, 35)
toggle-button	Left	""			(1050, 130)	(33, 35)
toggle-button	Center	""			(1083, 130)	(33, 35)
toggle-button	Right	""			(1116, 130)	(33, 35)
toggle-button	Justified	""			(1149, 130)	(33, 35)
push-button	Unordered List	""			(1190, 130)	(44, 35)
push-button	Ordered List	""			(1234, 130)	(44, 35)
push-button	No List	""			(1278, 130)	(33, 35)
push-button	Increase	""			(1319, 130)	(33, 35)
push-button	Decrease	""			(1352, 130)	(33, 35)
push-button	Line Spacing	""			(1393, 130)	(44, 35)
push-button	Increase	""			(1437, 130)	(33, 35)
push-button	Decrease	""			(1470, 130)	(33, 35)
label		Page 1 of 1			(105, 966)	(258, 18)
label		71 words, 424 characters			(369, 966)	(342, 18)
label		Default Page Style			(717, 966)	(306, 18)
label		English (USA)			(1029, 966)	(276, 18)
label		173%			(1876, 966)	(38, 18)
label	Outline level:	Outline level:			(594, 315)	(110, 34)
label	Outline	Outline			(582, 292)	(55, 17)
label	List style:	List style:			(594, 378)	(110, 34)
spin-button		0			(710, 446)	(120, 34)
label	Apply List Style	Apply List Style			(582, 355)	(113, 17)
check-box	Include this paragraph in line numbering	""			(594, 509)	(294, 22)
check-box	Restart at this paragraph	""			(594, 537)	(196, 22)
spin-button		1			(710, 565)	(128, 34)
label	Line Numbering	Line Numbering			(582, 486)	(113, 17)
check-box	Left border line	""			(5, 5)	(19, 123)
check-box	Right border line	""			(109, 5)	(19, 123)
check-box	Top border line	""			(5, 5)	(123, 19)
check-box	Bottom border line	""			(5, 109)	(123, 19)
push-button	Reset	""			(1150, 805)	(86, 34)
push-button	Help	""			(575, 805)	(86, 34)
push-button	Cancel	""			(1240, 805)	(86, 34)
push-button	OK	""			(1330, 805)	(86, 34)
Generating content with GPT model: o4-mini
RESPONSE: Reflection: The dialog is still on “Outline & List.” To define tab stops, I need to open the “Tabs” pane.

```python
import pyautogui, time

# Switch to the "Tabs" tab in the Paragraph dialog
pyautogui.click(x=740, y=255)
time.sleep(0.5)
```
LINEAR AT: tag	name	text	class	description	position (top-left x&y)	size (w&h)
label	Home	Home			(1833, 939)	(40, 17)
label	04 CHIN9505 EBook Purchasing info 2021 Jan.​docx	04 CHIN9505 EBook Purchasing info 2021 Jan.​docx			(1793, 819)	(120, 34)
menu	LibreOffice Writer	""			(99, 0)	(180, 27)
menu	System	""			(1814, 0)	(106, 27)
push-button	Chromium Web Browser	""			(0, 33)	(70, 64)
push-button	Thunderbird Mail	""			(0, 101)	(70, 64)
push-button	Visual Studio Code	""			(0, 169)	(70, 64)
push-button	VLC media player	""			(0, 237)	(70, 64)
push-button	LibreOffice Writer	""			(0, 305)	(70, 64)
push-button	LibreOffice Calc	""			(0, 373)	(70, 64)
push-button	LibreOffice Impress	""			(0, 441)	(70, 64)
push-button	GNU Image Manipulation Program	""			(0, 509)	(70, 64)
push-button	Files	""			(0, 577)	(70, 64)
push-button	Ubuntu Software	""			(0, 645)	(70, 64)
push-button	Help	""			(0, 713)	(70, 64)
push-button	Trash	""			(0, 784)	(70, 64)
toggle-button	Show Applications	""			(0, 915)	(70, 70)
menu	File	""			(70, 64)	(40, 25)
menu	Edit	""			(110, 64)	(43, 25)
menu	View	""			(153, 64)	(49, 25)
menu	Insert	""			(202, 64)	(55, 25)
menu	Format	""			(257, 64)	(66, 25)
menu	Styles	""			(323, 64)	(56, 25)
menu	Table	""			(379, 64)	(53, 25)
menu	Form	""			(432, 64)	(52, 25)
menu	Tools	""			(484, 64)	(52, 25)
menu	Window	""			(536, 64)	(70, 25)
menu	Help	""			(606, 64)	(47, 25)
menu	File	File			(70, 89)	(40, 21)
menu	Edit	Edit			(110, 89)	(43, 21)
menu	View	View			(153, 89)	(50, 21)
menu	Insert	Insert			(203, 89)	(56, 21)
menu	Format	Format			(259, 89)	(66, 21)
menu	Styles	Styles			(325, 89)	(56, 21)
menu	Table	Table			(381, 89)	(53, 21)
menu	Form	Form			(434, 89)	(52, 21)
menu	Tools	Tools			(486, 89)	(53, 21)
menu	Window	Window			(539, 89)	(73, 21)
menu	Help	Help			(612, 89)	(48, 21)
document-text	04 CHIN9505 EBook Purchasing info 2021 Jan - LibreOffice Document	""			(70, 271)	(1792, 693)
paragraph		Please find the E-book purchase option for your reference:  			(260, 470)	(1412, 33)
paragraph		How to use BLCUP eBook for PC 			(260, 503)	(1412, 64)
paragraph		Make payment for this eBook online. 			(260, 567)	(1412, 65)
paragraph		Enter User center (Your BLCUP ID. 			(260, 632)	(1412, 64)
paragraph		Download and install Windows eBook Reader (flipviewer) on your PC.			(260, 696)	(1412, 65)
paragraph		Enter User center (Your BLCUP ID.			(260, 761)	(1412, 65)
paragraph		Download eBook and input Subscription ID online to open the OPZ file.			(260, 826)	(1412, 64)
paragraph		Support Contact: service blcup.com			(260, 890)	(1412, 65)
paragraph		This product is protected by copyright. 			(260, 955)	(1412, 9)
scroll-bar	Vertical scroll bar	""			(1862, 247)	(12, 717)
toggle-button	Menu	""			(1874, 171)	(36, 34)
text		Help us make LibreOffice even better!			(111, 178)	(1611, 26)
push-button	Get involved	""			(1728, 170)	(117, 34)
text		Your donations support our worldwide community.			(111, 218)	(1645, 26)
push-button	Donate	""			(1762, 210)	(83, 34)
push-button	New	""			(74, 91)	(44, 35)
push-button	Open	""			(118, 91)	(44, 35)
push-button	Save	""			(162, 91)	(44, 35)
push-button	Export Directly as PDF	""			(214, 91)	(33, 35)
push-button	Print	""			(247, 91)	(33, 35)
toggle-button	Print Preview	""			(280, 91)	(33, 35)
push-button	Clone	""			(439, 91)	(33, 35)
toggle-button	Find and Replace	""			(576, 91)	(33, 35)
push-button	Spelling	""			(609, 91)	(33, 35)
toggle-button	Formatting Marks	""			(642, 91)	(33, 35)
push-button	Table	""			(683, 91)	(44, 35)
push-button	Image	""			(727, 91)	(33, 35)
push-button	Chart	""			(760, 91)	(33, 35)
push-button	Text Box	""			(793, 91)	(33, 35)
push-button	Page Break	""			(834, 91)	(33, 35)
push-button	Field	""			(867, 91)	(44, 35)
push-button	Symbol	""			(911, 91)	(44, 35)
toggle-button	Hyperlink	""			(963, 91)	(33, 35)
push-button	Footnote	""			(996, 91)	(33, 35)
push-button	Endnote	""			(1029, 91)	(33, 35)
push-button	Bookmark	""			(1062, 91)	(33, 35)
push-button	Cross-reference	""			(1095, 91)	(33, 35)
push-button	Comment	""			(1136, 91)	(33, 35)
toggle-button	Track Changes Functions	""			(1169, 91)	(33, 35)
push-button	Line	""			(1210, 91)	(33, 35)
push-button	Basic Shapes	""			(1243, 91)	(44, 35)
toggle-button	Draw Functions	""			(1287, 91)	(33, 35)
text		Normal (Web)			(74, 130)	(166, 34)
push-button	Update	""			(276, 130)	(33, 35)
push-button	New	""			(309, 130)	(33, 35)
text		Calibri			(350, 130)	(185, 34)
text		12 pt			(579, 130)	(65, 34)
toggle-button	Bold	""			(688, 130)	(33, 35)
toggle-button	Italic	""			(721, 130)	(33, 35)
push-button	Underline	""			(754, 130)	(44, 35)
toggle-button	Strikethrough	""			(798, 130)	(33, 35)
toggle-button	Superscript	""			(839, 130)	(33, 35)
toggle-button	Subscript	""			(872, 130)	(33, 35)
push-button	Clear	""			(913, 130)	(33, 35)
push-button	Font Color	""			(954, 130)	(44, 35)
push-button	Character Highlighting Color	""			(998, 130)	(44, 35)
toggle-button	Left	""			(1050, 130)	(33, 35)
toggle-button	Center	""			(1083, 130)	(33, 35)
toggle-button	Right	""			(1116, 130)	(33, 35)
toggle-button	Justified	""			(1149, 130)	(33, 35)
push-button	Unordered List	""			(1190, 130)	(44, 35)
push-button	Ordered List	""			(1234, 130)	(44, 35)
push-button	No List	""			(1278, 130)	(33, 35)
push-button	Increase	""			(1319, 130)	(33, 35)
push-button	Decrease	""			(1352, 130)	(33, 35)
push-button	Line Spacing	""			(1393, 130)	(44, 35)
push-button	Increase	""			(1437, 130)	(33, 35)
push-button	Decrease	""			(1470, 130)	(33, 35)
label		Page 1 of 1			(105, 966)	(258, 18)
label		71 words, 424 characters			(369, 966)	(342, 18)
label		Default Page Style			(717, 966)	(306, 18)
label		English (USA)			(1029, 966)	(276, 18)
label		173%			(1876, 966)	(38, 18)
label	Outline level:	Outline level:			(594, 315)	(110, 34)
label	Outline	Outline			(582, 292)	(55, 17)
label	List style:	List style:			(594, 378)	(110, 34)
spin-button		0			(710, 446)	(120, 34)
label	Apply List Style	Apply List Style			(582, 355)	(113, 17)
check-box	Include this paragraph in line numbering	""			(594, 509)	(294, 22)
check-box	Restart at this paragraph	""			(594, 537)	(196, 22)
spin-button		1			(710, 565)	(128, 34)
label	Line Numbering	Line Numbering			(582, 486)	(113, 17)
check-box	Left border line	""			(5, 5)	(19, 123)
check-box	Right border line	""			(109, 5)	(19, 123)
check-box	Top border line	""			(5, 5)	(123, 19)
check-box	Bottom border line	""			(5, 109)	(123, 19)
push-button	Reset	""			(1150, 805)	(86, 34)
push-button	Help	""			(575, 805)	(86, 34)
push-button	Cancel	""			(1240, 805)	(86, 34)
push-button	OK	""			(1330, 805)	(86, 34)
Generating content with GPT model: o4-mini
RESPONSE: Reflection: The Paragraph dialog is still showing the “Outline & List” tab. To set left- and right-aligned tab stops, I need to switch to the “Tabs” pane.

```python
import pyautogui, time

# Click the "Tabs" tab in the Paragraph dialog
pyautogui.click(x=683, y=254)
time.sleep(0.5)
```
LINEAR AT: tag	name	text	class	description	position (top-left x&y)	size (w&h)
label	Home	Home			(1833, 939)	(40, 17)
label	04 CHIN9505 EBook Purchasing info 2021 Jan.​docx	04 CHIN9505 EBook Purchasing info 2021 Jan.​docx			(1793, 819)	(120, 34)
menu	LibreOffice Writer	""			(99, 0)	(180, 27)
menu	System	""			(1814, 0)	(106, 27)
push-button	Chromium Web Browser	""			(0, 33)	(70, 64)
push-button	Thunderbird Mail	""			(0, 101)	(70, 64)
push-button	Visual Studio Code	""			(0, 169)	(70, 64)
push-button	VLC media player	""			(0, 237)	(70, 64)
push-button	LibreOffice Writer	""			(0, 305)	(70, 64)
push-button	LibreOffice Calc	""			(0, 373)	(70, 64)
push-button	LibreOffice Impress	""			(0, 441)	(70, 64)
push-button	GNU Image Manipulation Program	""			(0, 509)	(70, 64)
push-button	Files	""			(0, 577)	(70, 64)
push-button	Ubuntu Software	""			(0, 645)	(70, 64)
push-button	Help	""			(0, 713)	(70, 64)
push-button	Trash	""			(0, 784)	(70, 64)
toggle-button	Show Applications	""			(0, 915)	(70, 70)
menu	File	""			(70, 64)	(40, 25)
menu	Edit	""			(110, 64)	(43, 25)
menu	View	""			(153, 64)	(49, 25)
menu	Insert	""			(202, 64)	(55, 25)
menu	Format	""			(257, 64)	(66, 25)
menu	Styles	""			(323, 64)	(56, 25)
menu	Table	""			(379, 64)	(53, 25)
menu	Form	""			(432, 64)	(52, 25)
menu	Tools	""			(484, 64)	(52, 25)
menu	Window	""			(536, 64)	(70, 25)
menu	Help	""			(606, 64)	(47, 25)
menu	File	File			(70, 89)	(40, 21)
menu	Edit	Edit			(110, 89)	(43, 21)
menu	View	View			(153, 89)	(50, 21)
menu	Insert	Insert			(203, 89)	(56, 21)
menu	Format	Format			(259, 89)	(66, 21)
menu	Styles	Styles			(325, 89)	(56, 21)
menu	Table	Table			(381, 89)	(53, 21)
menu	Form	Form			(434, 89)	(52, 21)
menu	Tools	Tools			(486, 89)	(53, 21)
menu	Window	Window			(539, 89)	(73, 21)
menu	Help	Help			(612, 89)	(48, 21)
document-text	04 CHIN9505 EBook Purchasing info 2021 Jan - LibreOffice Document	""			(70, 271)	(1792, 693)
paragraph		Please find the E-book purchase option for your reference:  			(260, 470)	(1412, 33)
paragraph		How to use BLCUP eBook for PC 			(260, 503)	(1412, 64)
paragraph		Make payment for this eBook online. 			(260, 567)	(1412, 65)
paragraph		Enter User center (Your BLCUP ID. 			(260, 632)	(1412, 64)
paragraph		Download and install Windows eBook Reader (flipviewer) on your PC.			(260, 696)	(1412, 65)
paragraph		Enter User center (Your BLCUP ID.			(260, 761)	(1412, 65)
paragraph		Download eBook and input Subscription ID online to open the OPZ file.			(260, 826)	(1412, 64)
paragraph		Support Contact: service blcup.com			(260, 890)	(1412, 65)
paragraph		This product is protected by copyright. 			(260, 955)	(1412, 9)
scroll-bar	Vertical scroll bar	""			(1862, 247)	(12, 717)
toggle-button	Menu	""			(1874, 171)	(36, 34)
text		Help us make LibreOffice even better!			(111, 178)	(1611, 26)
push-button	Get involved	""			(1728, 170)	(117, 34)
text		Your donations support our worldwide community.			(111, 218)	(1645, 26)
push-button	Donate	""			(1762, 210)	(83, 34)
push-button	New	""			(74, 91)	(44, 35)
push-button	Open	""			(118, 91)	(44, 35)
push-button	Save	""			(162, 91)	(44, 35)
push-button	Export Directly as PDF	""			(214, 91)	(33, 35)
push-button	Print	""			(247, 91)	(33, 35)
toggle-button	Print Preview	""			(280, 91)	(33, 35)
push-button	Clone	""			(439, 91)	(33, 35)
toggle-button	Find and Replace	""			(576, 91)	(33, 35)
push-button	Spelling	""			(609, 91)	(33, 35)
toggle-button	Formatting Marks	""			(642, 91)	(33, 35)
push-button	Table	""			(683, 91)	(44, 35)
push-button	Image	""			(727, 91)	(33, 35)
push-button	Chart	""			(760, 91)	(33, 35)
push-button	Text Box	""			(793, 91)	(33, 35)
push-button	Page Break	""			(834, 91)	(33, 35)
push-button	Field	""			(867, 91)	(44, 35)
push-button	Symbol	""			(911, 91)	(44, 35)
toggle-button	Hyperlink	""			(963, 91)	(33, 35)
push-button	Footnote	""			(996, 91)	(33, 35)
push-button	Endnote	""			(1029, 91)	(33, 35)
push-button	Bookmark	""			(1062, 91)	(33, 35)
push-button	Cross-reference	""			(1095, 91)	(33, 35)
push-button	Comment	""			(1136, 91)	(33, 35)
toggle-button	Track Changes Functions	""			(1169, 91)	(33, 35)
push-button	Line	""			(1210, 91)	(33, 35)
push-button	Basic Shapes	""			(1243, 91)	(44, 35)
toggle-button	Draw Functions	""			(1287, 91)	(33, 35)
text		Normal (Web)			(74, 130)	(166, 34)
push-button	Update	""			(276, 130)	(33, 35)
push-button	New	""			(309, 130)	(33, 35)
text		Calibri			(350, 130)	(185, 34)
text		12 pt			(579, 130)	(65, 34)
toggle-button	Bold	""			(688, 130)	(33, 35)
toggle-button	Italic	""			(721, 130)	(33, 35)
push-button	Underline	""			(754, 130)	(44, 35)
toggle-button	Strikethrough	""			(798, 130)	(33, 35)
toggle-button	Superscript	""			(839, 130)	(33, 35)
toggle-button	Subscript	""			(872, 130)	(33, 35)
push-button	Clear	""			(913, 130)	(33, 35)
push-button	Font Color	""			(954, 130)	(44, 35)
push-button	Character Highlighting Color	""			(998, 130)	(44, 35)
toggle-button	Left	""			(1050, 130)	(33, 35)
toggle-button	Center	""			(1083, 130)	(33, 35)
toggle-button	Right	""			(1116, 130)	(33, 35)
toggle-button	Justified	""			(1149, 130)	(33, 35)
push-button	Unordered List	""			(1190, 130)	(44, 35)
push-button	Ordered List	""			(1234, 130)	(44, 35)
push-button	No List	""			(1278, 130)	(33, 35)
push-button	Increase	""			(1319, 130)	(33, 35)
push-button	Decrease	""			(1352, 130)	(33, 35)
push-button	Line Spacing	""			(1393, 130)	(44, 35)
push-button	Increase	""			(1437, 130)	(33, 35)
push-button	Decrease	""			(1470, 130)	(33, 35)
label		Page 1 of 1			(105, 966)	(258, 18)
label		71 words, 424 characters			(369, 966)	(342, 18)
label		Default Page Style			(717, 966)	(306, 18)
label		English (USA)			(1029, 966)	(276, 18)
label		173%			(1876, 966)	(38, 18)
label	Outline level:	Outline level:			(594, 315)	(110, 34)
label	Outline	Outline			(582, 292)	(55, 17)
label	List style:	List style:			(594, 378)	(110, 34)
spin-button		0			(710, 446)	(120, 34)
label	Apply List Style	Apply List Style			(582, 355)	(113, 17)
check-box	Include this paragraph in line numbering	""			(594, 509)	(294, 22)
check-box	Restart at this paragraph	""			(594, 537)	(196, 22)
spin-button		1			(710, 565)	(128, 34)
label	Line Numbering	Line Numbering			(582, 486)	(113, 17)
check-box	Left border line	""			(5, 5)	(19, 123)
check-box	Right border line	""			(109, 5)	(19, 123)
check-box	Top border line	""			(5, 5)	(123, 19)
check-box	Bottom border line	""			(5, 109)	(123, 19)
push-button	Reset	""			(1150, 805)	(86, 34)
push-button	Help	""			(575, 805)	(86, 34)
push-button	Cancel	""			(1240, 805)	(86, 34)
push-button	OK	""			(1330, 805)	(86, 34)
Generating content with GPT model: o4-mini
RESPONSE: Reflection: The Paragraph dialog is still on the “Outline & List” tab. To define left- and right-aligned tab stops, I need to switch to the “Tabs” pane.

```python
import pyautogui, time

# Click the "Tabs" tab in the Paragraph dialog
pyautogui.click(x=730, y=255)
time.sleep(0.5)
```
